id,name,email,score,active,description
1,"User 1, Jr.",user1@example.com,93.3190,false,"This is a sample description for record number 1 with some ""quoted"" text."
2,"User 2, Jr.",user2@example.com,21.2504,true,"This is a sample description for record number 2 with some ""quoted"" text."
3,"User 3, Jr.",user3@example.com,79.1042,false,"This is a sample description for record number 3 with some ""quoted"" text."
4,"User 4, Jr.",user4@example.com,46.0863,true,"This is a sample description for record number 4 with some ""quoted"" text."
5,"User 5, Jr.",user5@example.com,30.2459,false,"This is a sample description for record number 5 with some ""quoted"" text."
6,"User 6, Jr.",user6@example.com,49.5159,true,"This is a sample description for record number 6 with some ""quoted"" text."
7,"User 7, Jr.",user7@example.com,98.7697,false,"This is a sample description for record number 7 with some ""quoted"" text."
8,"User 8, Jr.",user8@example.com,99.4659,true,"This is a sample description for record number 8 with some ""quoted"" text."
9,"User 9, Jr.",user9@example.com,85.3412,false,"This is a sample description for record number 9 with some ""quoted"" text."
10,"User 10, Jr.",user10@example.com,79.6979,true,"This is a sample description for record number 10 with some ""quoted"" text."
11,"User 11, Jr.",user11@example.com,10.7625,false,"This is a sample description for record number 11 with some ""quoted"" text."
12,"User 12, Jr.",user12@example.com,80.1507,true,"This is a sample description for record number 12 with some ""quoted"" text."
13,"User 13, Jr.",user13@example.com,55.9519,false,"This is a sample description for record number 13 with some ""quoted"" text."
14,"User 14, Jr.",user14@example.com,70.6534,true,"This is a sample description for record number 14 with some ""quoted"" text."
15,"User 15, Jr.",user15@example.com,92.4830,false,"This is a sample description for record number 15 with some ""quoted"" text."
16,"User 16, Jr.",user16@example.com,32.3949,true,"This is a sample description for record number 16 with some ""quoted"" text."
17,"User 17, Jr.",user17@example.com,35.0923,false,"This is a sample description for record number 17 with some ""quoted"" text."
18,"User 18, Jr.",user18@example.com,93.1948,true,"This is a sample description for record number 18 with some ""quoted"" text."
19,"User 19, Jr.",user19@example.com,31.1476,false,"This is a sample description for record number 19 with some ""quoted"" text."
20,"User 20, Jr.",user20@example.com,82.3528,true,"This is a sample description for record number 20 with some ""quoted"" text."
21,"User 21, Jr.",user21@example.com,18.7803,false,"This is a sample description for record number 21 with some ""quoted"" text."
22,"User 22, Jr.",user22@example.com,56.8196,true,"This is a sample description for record number 22 with some ""quoted"" text."
23,"User 23, Jr.",user23@example.com,16.8926,false,"This is a sample description for record number 23 with some ""quoted"" text."
24,"User 24, Jr.",user24@example.com,70.5215,true,"This is a sample description for record number 24 with some ""quoted"" text."
25,"User 25, Jr.",user25@example.com,8.2126,false,"This is a sample description for record number 25 with some ""quoted"" text."
26,"User 26, Jr.",user26@example.com,96.9471,true,"This is a sample description for record number 26 with some ""quoted"" text."
27,"User 27, Jr.",user27@example.com,14.8582,false,"This is a sample description for record number 27 with some ""quoted"" text."
28,"User 28, Jr.",user28@example.com,84.8494,true,"This is a sample description for record number 28 with some ""quoted"" text."
29,"User 29, Jr.",user29@example.com,89.8123,false,"This is a sample description for record number 29 with some ""quoted"" text."
30,"User 30, Jr.",user30@example.com,3.6192,true,"This is a sample description for record number 30 with some ""quoted"" text."
31,"User 31, Jr.",user31@example.com,78.4716,false,"This is a sample description for record number 31 with some ""quoted"" text."
32,"User 32, Jr.",user32@example.com,46.6829,true,"This is a sample description for record number 32 with some ""quoted"" text."
33,"User 33, Jr.",user33@example.com,77.4380,false,"This is a sample description for record number 33 with some ""quoted"" text."
34,"User 34, Jr.",user34@example.com,77.4511,true,"This is a sample description for record number 34 with some ""quoted"" text."
35,"User 35, Jr.",user35@example.com,44.7733,false,"This is a sample description for record number 35 with some ""quoted"" text."
36,"User 36, Jr.",user36@example.com,65.1862,true,"This is a sample description for record number 36 with some ""quoted"" text."
37,"User 37, Jr.",user37@example.com,1.3800,false,"This is a sample description for record number 37 with some ""quoted"" text."
38,"User 38, Jr.",user38@example.com,17.9537,true,"This is a sample description for record number 38 with some ""quoted"" text."
39,"User 39, Jr.",user39@example.com,50.0644,false,"This is a sample description for record number 39 with some ""quoted"" text."
40,"User 40, Jr.",user40@example.com,66.7981,true,"This is a sample description for record number 40 with some ""quoted"" text."
41,"User 41, Jr.",user41@example.com,63.1005,false,"This is a sample description for record number 41 with some ""quoted"" text."
42,"User 42, Jr.",user42@example.com,44.6905,true,"This is a sample description for record number 42 with some ""quoted"" text."
43,"User 43, Jr.",user43@example.com,10.7384,false,"This is a sample description for record number 43 with some ""quoted"" text."
44,"User 44, Jr.",user44@example.com,85.0274,true,"This is a sample description for record number 44 with some ""quoted"" text."
45,"User 45, Jr.",user45@example.com,43.2770,false,"This is a sample description for record number 45 with some ""quoted"" text."
46,"User 46, Jr.",user46@example.com,38.7045,true,"This is a sample description for record number 46 with some ""quoted"" text."
47,"User 47, Jr.",user47@example.com,31.7995,false,"This is a sample description for record number 47 with some ""quoted"" text."
48,"User 48, Jr.",user48@example.com,16.1944,true,"This is a sample description for record number 48 with some ""quoted"" text."
49,"User 49, Jr.",user49@example.com,93.9375,false,"This is a sample description for record number 49 with some ""quoted"" text."
50,"User 50, Jr.",user50@example.com,92.0670,true,"This is a sample description for record number 50 with some ""quoted"" text."
51,"User 51, Jr.",user51@example.com,18.4437,false,"This is a sample description for record number 51 with some ""quoted"" text."
52,"User 52, Jr.",user52@example.com,8.6318,true,"This is a sample description for record number 52 with some ""quoted"" text."
53,"User 53, Jr.",user53@example.com,34.4423,false,"This is a sample description for record number 53 with some ""quoted"" text."
54,"User 54, Jr.",user54@example.com,82.3022,true,"This is a sample description for record number 54 with some ""quoted"" text."
55,"User 55, Jr.",user55@example.com,1.7716,false,"This is a sample description for record number 55 with some ""quoted"" text."
56,"User 56, Jr.",user56@example.com,63.5263,true,"This is a sample description for record number 56 with some ""quoted"" text."
57,"User 57, Jr.",user57@example.com,89.9116,false,"This is a sample description for record number 57 with some ""quoted"" text."
58,"User 58, Jr.",user58@example.com,80.7767,true,"This is a sample description for record number 58 with some ""quoted"" text."
59,"User 59, Jr.",user59@example.com,8.6123,false,"This is a sample description for record number 59 with some ""quoted"" text."
60,"User 60, Jr.",user60@example.com,9.2336,true,"This is a sample description for record number 60 with some ""quoted"" text."
61,"User 61, Jr.",user61@example.com,16.7777,false,"This is a sample description for record number 61 with some ""quoted"" text."
62,"User 62, Jr.",user62@example.com,57.1409,true,"This is a sample description for record number 62 with some ""quoted"" text."
63,"User 63, Jr.",user63@example.com,56.4922,false,"This is a sample description for record number 63 with some ""quoted"" text."
64,"User 64, Jr.",user64@example.com,59.5647,true,"This is a sample description for record number 64 with some ""quoted"" text."
65,"User 65, Jr.",user65@example.com,48.2904,false,"This is a sample description for record number 65 with some ""quoted"" text."
66,"User 66, Jr.",user66@example.com,71.4423,true,"This is a sample description for record number 66 with some ""quoted"" text."
67,"User 67, Jr.",user67@example.com,10.5945,false,"This is a sample description for record number 67 with some ""quoted"" text."
68,"User 68, Jr.",user68@example.com,82.6871,true,"This is a sample description for record number 68 with some ""quoted"" text."
69,"User 69, Jr.",user69@example.com,22.4826,false,"This is a sample description for record number 69 with some ""quoted"" text."
70,"User 70, Jr.",user70@example.com,27.9563,true,"This is a sample description for record number 70 with some ""quoted"" text."
71,"User 71, Jr.",user71@example.com,69.6325,false,"This is a sample description for record number 71 with some ""quoted"" text."
72,"User 72, Jr.",user72@example.com,47.9121,true,"This is a sample description for record number 72 with some ""quoted"" text."
73,"User 73, Jr.",user73@example.com,23.4069,false,"This is a sample description for record number 73 with some ""quoted"" text."
74,"User 74, Jr.",user74@example.com,26.0122,true,"This is a sample description for record number 74 with some ""quoted"" text."
75,"User 75, Jr.",user75@example.com,89.5610,false,"This is a sample description for record number 75 with some ""quoted"" text."
76,"User 76, Jr.",user76@example.com,92.1316,true,"This is a sample description for record number 76 with some ""quoted"" text."
77,"User 77, Jr.",user77@example.com,82.7669,false,"This is a sample description for record number 77 with some ""quoted"" text."
78,"User 78, Jr.",user78@example.com,63.6704,true,"This is a sample description for record number 78 with some ""quoted"" text."
79,"User 79, Jr.",user79@example.com,1.1970,false,"This is a sample description for record number 79 with some ""quoted"" text."
80,"User 80, Jr.",user80@example.com,96.2187,true,"This is a sample description for record number 80 with some ""quoted"" text."
81,"User 81, Jr.",user81@example.com,65.6456,false,"This is a sample description for record number 81 with some ""quoted"" text."
82,"User 82, Jr.",user82@example.com,50.9972,true,"This is a sample description for record number 82 with some ""quoted"" text."
83,"User 83, Jr.",user83@example.com,57.8035,false,"This is a sample description for record number 83 with some ""quoted"" text."
84,"User 84, Jr.",user84@example.com,48.1905,true,"This is a sample description for record number 84 with some ""quoted"" text."
85,"User 85, Jr.",user85@example.com,42.4107,false,"This is a sample description for record number 85 with some ""quoted"" text."
86,"User 86, Jr.",user86@example.com,33.1068,true,"This is a sample description for record number 86 with some ""quoted"" text."
87,"User 87, Jr.",user87@example.com,13.5081,false,"This is a sample description for record number 87 with some ""quoted"" text."
88,"User 88, Jr.",user88@example.com,21.7550,true,"This is a sample description for record number 88 with some ""quoted"" text."
89,"User 89, Jr.",user89@example.com,99.5515,false,"This is a sample description for record number 89 with some ""quoted"" text."
90,"User 90, Jr.",user90@example.com,12.4319,true,"This is a sample description for record number 90 with some ""quoted"" text."
91,"User 91, Jr.",user91@example.com,43.2893,false,"This is a sample description for record number 91 with some ""quoted"" text."
92,"User 92, Jr.",user92@example.com,42.3195,true,"This is a sample description for record number 92 with some ""quoted"" text."
93,"User 93, Jr.",user93@example.com,15.2680,false,"This is a sample description for record number 93 with some ""quoted"" text."
94,"User 94, Jr.",user94@example.com,92.6637,true,"This is a sample description for record number 94 with some ""quoted"" text."
95,"User 95, Jr.",user95@example.com,79.8926,false,"This is a sample description for record number 95 with some ""quoted"" text."
96,"User 96, Jr.",user96@example.com,17.6927,true,"This is a sample description for record number 96 with some ""quoted"" text."
97,"User 97, Jr.",user97@example.com,81.6790,false,"This is a sample description for record number 97 with some ""quoted"" text."
98,"User 98, Jr.",user98@example.com,14.2430,true,"This is a sample description for record number 98 with some ""quoted"" text."
99,"User 99, Jr.",user99@example.com,58.4310,false,"This is a sample description for record number 99 with some ""quoted"" text."
100,"User 100, Jr.",user100@example.com,62.7058,true,"This is a sample description for record number 100 with some ""quoted"" text."
101,"User 101, Jr.",user101@example.com,72.9357,false,"This is a sample description for record number 101 with some ""quoted"" text."
102,"User 102, Jr.",user102@example.com,46.7946,true,"This is a sample description for record number 102 with some ""quoted"" text."
103,"User 103, Jr.",user103@example.com,5.6373,false,"This is a sample description for record number 103 with some ""quoted"" text."
104,"User 104, Jr.",user104@example.com,71.9571,true,"This is a sample description for record number 104 with some ""quoted"" text."
105,"User 105, Jr.",user105@example.com,19.0697,false,"This is a sample description for record number 105 with some ""quoted"" text."
106,"User 106, Jr.",user106@example.com,23.6612,true,"This is a sample description for record number 106 with some ""quoted"" text."
107,"User 107, Jr.",user107@example.com,8.4569,false,"This is a sample description for record number 107 with some ""quoted"" text."
108,"User 108, Jr.",user108@example.com,49.8108,true,"This is a sample description for record number 108 with some ""quoted"" text."
109,"User 109, Jr.",user109@example.com,45.2452,false,"This is a sample description for record number 109 with some ""quoted"" text."
110,"User 110, Jr.",user110@example.com,87.3303,true,"This is a sample description for record number 110 with some ""quoted"" text."
111,"User 111, Jr.",user111@example.com,4.1649,false,"This is a sample description for record number 111 with some ""quoted"" text."
112,"User 112, Jr.",user112@example.com,85.4252,true,"This is a sample description for record number 112 with some ""quoted"" text."
113,"User 113, Jr.",user113@example.com,91.3450,false,"This is a sample description for record number 113 with some ""quoted"" text."
114,"User 114, Jr.",user114@example.com,81.9612,true,"This is a sample description for record number 114 with some ""quoted"" text."
115,"User 115, Jr.",user115@example.com,55.0165,false,"This is a sample description for record number 115 with some ""quoted"" text."
116,"User 116, Jr.",user116@example.com,23.1459,true,"This is a sample description for record number 116 with some ""quoted"" text."
117,"User 117, Jr.",user117@example.com,48.4837,false,"This is a sample description for record number 117 with some ""quoted"" text."
118,"User 118, Jr.",user118@example.com,79.3045,true,"This is a sample description for record number 118 with some ""quoted"" text."
119,"User 119, Jr.",user119@example.com,6.6688,false,"This is a sample description for record number 119 with some ""quoted"" text."
120,"User 120, Jr.",user120@example.com,97.9310,true,"This is a sample description for record number 120 with some ""quoted"" text."
121,"User 121, Jr.",user121@example.com,45.7317,false,"This is a sample description for record number 121 with some ""quoted"" text."
122,"User 122, Jr.",user122@example.com,67.4424,true,"This is a sample description for record number 122 with some ""quoted"" text."
123,"User 123, Jr.",user123@example.com,25.1249,false,"This is a sample description for record number 123 with some ""quoted"" text."
124,"User 124, Jr.",user124@example.com,84.3653,true,"This is a sample description for record number 124 with some ""quoted"" text."
125,"User 125, Jr.",user125@example.com,95.7763,false,"This is a sample description for record number 125 with some ""quoted"" text."
126,"User 126, Jr.",user126@example.com,42.7916,true,"This is a sample description for record number 126 with some ""quoted"" text."
127,"User 127, Jr.",user127@example.com,9.4958,false,"This is a sample description for record number 127 with some ""quoted"" text."
128,"User 128, Jr.",user128@example.com,8.2374,true,"This is a sample description for record number 128 with some ""quoted"" text."
129,"User 129, Jr.",user129@example.com,71.0526,false,"This is a sample description for record number 129 with some ""quoted"" text."
130,"User 130, Jr.",user130@example.com,36.3299,true,"This is a sample description for record number 130 with some ""quoted"" text."
131,"User 131, Jr.",user131@example.com,86.1347,false,"This is a sample description for record number 131 with some ""quoted"" text."
132,"User 132, Jr.",user132@example.com,78.2325,true,"This is a sample description for record number 132 with some ""quoted"" text."
133,"User 133, Jr.",user133@example.com,70.9433,false,"This is a sample description for record number 133 with some ""quoted"" text."
134,"User 134, Jr.",user134@example.com,57.9878,true,"This is a sample description for record number 134 with some ""quoted"" text."
135,"User 135, Jr.",user135@example.com,67.4392,false,"This is a sample description for record number 135 with some ""quoted"" text."
136,"User 136, Jr.",user136@example.com,49.9855,true,"This is a sample description for record number 136 with some ""quoted"" text."
137,"User 137, Jr.",user137@example.com,43.2784,false,"This is a sample description for record number 137 with some ""quoted"" text."
138,"User 138, Jr.",user138@example.com,11.2979,true,"This is a sample description for record number 138 with some ""quoted"" text."
139,"User 139, Jr.",user139@example.com,72.9924,false,"This is a sample description for record number 139 with some ""quoted"" text."
140,"User 140, Jr.",user140@example.com,78.5811,true,"This is a sample description for record number 140 with some ""quoted"" text."
141,"User 141, Jr.",user141@example.com,25.5264,false,"This is a sample description for record number 141 with some ""quoted"" text."
142,"User 142, Jr.",user142@example.com,96.7710,true,"This is a sample description for record number 142 with some ""quoted"" text."
143,"User 143, Jr.",user143@example.com,82.6470,false,"This is a sample description for record number 143 with some ""quoted"" text."
144,"User 144, Jr.",user144@example.com,63.2125,true,"This is a sample description for record number 144 with some ""quoted"" text."
145,"User 145, Jr.",user145@example.com,7.6634,false,"This is a sample description for record number 145 with some ""quoted"" text."
146,"User 146, Jr.",user146@example.com,4.2056,true,"This is a sample description for record number 146 with some ""quoted"" text."
147,"User 147, Jr.",user147@example.com,31.9551,false,"This is a sample description for record number 147 with some ""quoted"" text."
148,"User 148, Jr.",user148@example.com,57.8612,true,"This is a sample description for record number 148 with some ""quoted"" text."
149,"User 149, Jr.",user149@example.com,80.0807,false,"This is a sample description for record number 149 with some ""quoted"" text."
150,"User 150, Jr.",user150@example.com,28.6458,true,"This is a sample description for record number 150 with some ""quoted"" text."
151,"User 151, Jr.",user151@example.com,82.1976,false,"This is a sample description for record number 151 with some ""quoted"" text."
152,"User 152, Jr.",user152@example.com,86.1625,true,"This is a sample description for record number 152 with some ""quoted"" text."
153,"User 153, Jr.",user153@example.com,22.7735,false,"This is a sample description for record number 153 with some ""quoted"" text."
154,"User 154, Jr.",user154@example.com,43.7092,true,"This is a sample description for record number 154 with some ""quoted"" text."
155,"User 155, Jr.",user155@example.com,47.8872,false,"This is a sample description for record number 155 with some ""quoted"" text."
156,"User 156, Jr.",user156@example.com,19.7865,true,"This is a sample description for record number 156 with some ""quoted"" text."
157,"User 157, Jr.",user157@example.com,29.6917,false,"This is a sample description for record number 157 with some ""quoted"" text."
158,"User 158, Jr.",user158@example.com,85.7437,true,"This is a sample description for record number 158 with some ""quoted"" text."
159,"User 159, Jr.",user159@example.com,2.5961,false,"This is a sample description for record number 159 with some ""quoted"" text."
160,"User 160, Jr.",user160@example.com,84.5821,true,"This is a sample description for record number 160 with some ""quoted"" text."
161,"User 161, Jr.",user161@example.com,64.6226,false,"This is a sample description for record number 161 with some ""quoted"" text."
162,"User 162, Jr.",user162@example.com,9.2153,true,"This is a sample description for record number 162 with some ""quoted"" text."
163,"User 163, Jr.",user163@example.com,69.2635,false,"This is a sample description for record number 163 with some ""quoted"" text."
164,"User 164, Jr.",user164@example.com,44.1315,true,"This is a sample description for record number 164 with some ""quoted"" text."
165,"User 165, Jr.",user165@example.com,84.7841,false,"This is a sample description for record number 165 with some ""quoted"" text."
166,"User 166, Jr.",user166@example.com,27.8753,true,"This is a sample description for record number 166 with some ""quoted"" text."
167,"User 167, Jr.",user167@example.com,45.0210,false,"This is a sample description for record number 167 with some ""quoted"" text."
168,"User 168, Jr.",user168@example.com,26.5524,true,"This is a sample description for record number 168 with some ""quoted"" text."
169,"User 169, Jr.",user169@example.com,45.1191,false,"This is a sample description for record number 169 with some ""quoted"" text."
170,"User 170, Jr.",user170@example.com,49.2063,true,"This is a sample description for record number 170 with some ""quoted"" text."
171,"User 171, Jr.",user171@example.com,99.2846,false,"This is a sample description for record number 171 with some ""quoted"" text."
172,"User 172, Jr.",user172@example.com,48.1841,true,"This is a sample description for record number 172 with some ""quoted"" text."
173,"User 173, Jr.",user173@example.com,92.0553,false,"This is a sample description for record number 173 with some ""quoted"" text."
174,"User 174, Jr.",user174@example.com,60.4934,true,"This is a sample description for record number 174 with some ""quoted"" text."
175,"User 175, Jr.",user175@example.com,66.1558,false,"This is a sample description for record number 175 with some ""quoted"" text."
176,"User 176, Jr.",user176@example.com,85.7457,true,"This is a sample description for record number 176 with some ""quoted"" text."
177,"User 177, Jr.",user177@example.com,27.6117,false,"This is a sample description for record number 177 with some ""quoted"" text."
178,"User 178, Jr.",user178@example.com,11.4656,true,"This is a sample description for record number 178 with some ""quoted"" text."
179,"User 179, Jr.",user179@example.com,99.5202,false,"This is a sample description for record number 179 with some ""quoted"" text."
180,"User 180, Jr.",user180@example.com,16.9644,true,"This is a sample description for record number 180 with some ""quoted"" text."
181,"User 181, Jr.",user181@example.com,67.0445,false,"This is a sample description for record number 181 with some ""quoted"" text."
182,"User 182, Jr.",user182@example.com,97.2241,true,"This is a sample description for record number 182 with some ""quoted"" text."
183,"User 183, Jr.",user183@example.com,87.6482,false,"This is a sample description for record number 183 with some ""quoted"" text."
184,"User 184, Jr.",user184@example.com,82.5030,true,"This is a sample description for record number 184 with some ""quoted"" text."
185,"User 185, Jr.",user185@example.com,7.3911,false,"This is a sample description for record number 185 with some ""quoted"" text."
186,"User 186, Jr.",user186@example.com,12.2363,true,"This is a sample description for record number 186 with some ""quoted"" text."
187,"User 187, Jr.",user187@example.com,15.6570,false,"This is a sample description for record number 187 with some ""quoted"" text."
188,"User 188, Jr.",user188@example.com,87.0386,true,"This is a sample description for record number 188 with some ""quoted"" text."
189,"User 189, Jr.",user189@example.com,8.5601,false,"This is a sample description for record number 189 with some ""quoted"" text."
190,"User 190, Jr.",user190@example.com,74.6358,true,"This is a sample description for record number 190 with some ""quoted"" text."
191,"User 191, Jr.",user191@example.com,31.8062,false,"This is a sample description for record number 191 with some ""quoted"" text."
192,"User 192, Jr.",user192@example.com,11.2749,true,"This is a sample description for record number 192 with some ""quoted"" text."
193,"User 193, Jr.",user193@example.com,34.8096,false,"This is a sample description for record number 193 with some ""quoted"" text."
194,"User 194, Jr.",user194@example.com,99.8430,true,"This is a sample description for record number 194 with some ""quoted"" text."
195,"User 195, Jr.",user195@example.com,98.3727,false,"This is a sample description for record number 195 with some ""quoted"" text."
196,"User 196, Jr.",user196@example.com,86.6746,true,"This is a sample description for record number 196 with some ""quoted"" text."
197,"User 197, Jr.",user197@example.com,94.6297,false,"This is a sample description for record number 197 with some ""quoted"" text."
198,"User 198, Jr.",user198@example.com,93.4419,true,"This is a sample description for record number 198 with some ""quoted"" text."
199,"User 199, Jr.",user199@example.com,43.1570,false,"This is a sample description for record number 199 with some ""quoted"" text."
200,"User 200, Jr.",user200@example.com,3.3115,true,"This is a sample description for record number 200 with some ""quoted"" text."
201,"User 201, Jr.",user201@example.com,55.2407,false,"This is a sample description for record number 201 with some ""quoted"" text."
202,"User 202, Jr.",user202@example.com,37.2728,true,"This is a sample description for record number 202 with some ""quoted"" text."
203,"User 203, Jr.",user203@example.com,0.5309,false,"This is a sample description for record number 203 with some ""quoted"" text."
204,"User 204, Jr.",user204@example.com,10.7708,true,"This is a sample description for record number 204 with some ""quoted"" text."
205,"User 205, Jr.",user205@example.com,41.8205,false,"This is a sample description for record number 205 with some ""quoted"" text."
206,"User 206, Jr.",user206@example.com,27.8828,true,"This is a sample description for record number 206 with some ""quoted"" text."
207,"User 207, Jr.",user207@example.com,52.2098,false,"This is a sample description for record number 207 with some ""quoted"" text."
208,"User 208, Jr.",user208@example.com,5.8158,true,"This is a sample description for record number 208 with some ""quoted"" text."
209,"User 209, Jr.",user209@example.com,14.6600,false,"This is a sample description for record number 209 with some ""quoted"" text."
210,"User 210, Jr.",user210@example.com,72.0943,true,"This is a sample description for record number 210 with some ""quoted"" text."
211,"User 211, Jr.",user211@example.com,17.6189,false,"This is a sample description for record number 211 with some ""quoted"" text."
212,"User 212, Jr.",user212@example.com,34.8217,true,"This is a sample description for record number 212 with some ""quoted"" text."
213,"User 213, Jr.",user213@example.com,92.9697,false,"This is a sample description for record number 213 with some ""quoted"" text."
214,"User 214, Jr.",user214@example.com,46.7320,true,"This is a sample description for record number 214 with some ""quoted"" text."
215,"User 215, Jr.",user215@example.com,52.6201,false,"This is a sample description for record number 215 with some ""quoted"" text."
216,"User 216, Jr.",user216@example.com,61.8550,true,"This is a sample description for record number 216 with some ""quoted"" text."
217,"User 217, Jr.",user217@example.com,49.4527,false,"This is a sample description for record number 217 with some ""quoted"" text."
218,"User 218, Jr.",user218@example.com,60.4794,true,"This is a sample description for record number 218 with some ""quoted"" text."
219,"User 219, Jr.",user219@example.com,13.5066,false,"This is a sample description for record number 219 with some ""quoted"" text."
220,"User 220, Jr.",user220@example.com,92.8803,true,"This is a sample description for record number 220 with some ""quoted"" text."
221,"User 221, Jr.",user221@example.com,28.0254,false,"This is a sample description for record number 221 with some ""quoted"" text."
222,"User 222, Jr.",user222@example.com,58.3940,true,"This is a sample description for record number 222 with some ""quoted"" text."
223,"User 223, Jr.",user223@example.com,56.3504,false,"This is a sample description for record number 223 with some ""quoted"" text."
224,"User 224, Jr.",user224@example.com,68.7093,true,"This is a sample description for record number 224 with some ""quoted"" text."
225,"User 225, Jr.",user225@example.com,30.3038,false,"This is a sample description for record number 225 with some ""quoted"" text."
226,"User 226, Jr.",user226@example.com,23.0423,true,"This is a sample description for record number 226 with some ""quoted"" text."
227,"User 227, Jr.",user227@example.com,77.3281,false,"This is a sample description for record number 227 with some ""quoted"" text."
228,"User 228, Jr.",user228@example.com,19.9400,true,"This is a sample description for record number 228 with some ""quoted"" text."
229,"User 229, Jr.",user229@example.com,42.3093,false,"This is a sample description for record number 229 with some ""quoted"" text."
230,"User 230, Jr.",user230@example.com,43.6717,true,"This is a sample description for record number 230 with some ""quoted"" text."
231,"User 231, Jr.",user231@example.com,39.7955,false,"This is a sample description for record number 231 with some ""quoted"" text."
232,"User 232, Jr.",user232@example.com,80.6549,true,"This is a sample description for record number 232 with some ""quoted"" text."
233,"User 233, Jr.",user233@example.com,18.0579,false,"This is a sample description for record number 233 with some ""quoted"" text."
234,"User 234, Jr.",user234@example.com,26.8558,true,"This is a sample description for record number 234 with some ""quoted"" text."
235,"User 235, Jr.",user235@example.com,39.5335,false,"This is a sample description for record number 235 with some ""quoted"" text."
236,"User 236, Jr.",user236@example.com,26.9561,true,"This is a sample description for record number 236 with some ""quoted"" text."
237,"User 237, Jr.",user237@example.com,91.2675,false,"This is a sample description for record number 237 with some ""quoted"" text."
238,"User 238, Jr.",user238@example.com,37.7606,true,"This is a sample description for record number 238 with some ""quoted"" text."
239,"User 239, Jr.",user239@example.com,23.7231,false,"This is a sample description for record number 239 with some ""quoted"" text."
240,"User 240, Jr.",user240@example.com,98.8902,true,"This is a sample description for record number 240 with some ""quoted"" text."
241,"User 241, Jr.",user241@example.com,72.9163,false,"This is a sample description for record number 241 with some ""quoted"" text."
242,"User 242, Jr.",user242@example.com,38.4046,true,"This is a sample description for record number 242 with some ""quoted"" text."
243,"User 243, Jr.",user243@example.com,20.1537,false,"This is a sample description for record number 243 with some ""quoted"" text."
244,"User 244, Jr.",user244@example.com,78.2247,true,"This is a sample description for record number 244 with some ""quoted"" text."
245,"User 245, Jr.",user245@example.com,44.0658,false,"This is a sample description for record number 245 with some ""quoted"" text."
246,"User 246, Jr.",user246@example.com,51.4989,true,"This is a sample description for record number 246 with some ""quoted"" text."
247,"User 247, Jr.",user247@example.com,8.2698,false,"This is a sample description for record number 247 with some ""quoted"" text."
248,"User 248, Jr.",user248@example.com,26.7555,true,"This is a sample description for record number 248 with some ""quoted"" text."
249,"User 249, Jr.",user249@example.com,77.6481,false,"This is a sample description for record number 249 with some ""quoted"" text."
250,"User 250, Jr.",user250@example.com,28.9327,true,"This is a sample description for record number 250 with some ""quoted"" text."
251,"User 251, Jr.",user251@example.com,6.2169,false,"This is a sample description for record number 251 with some ""quoted"" text."
252,"User 252, Jr.",user252@example.com,52.9213,true,"This is a sample description for record number 252 with some ""quoted"" text."
253,"User 253, Jr.",user253@example.com,57.1430,false,"This is a sample description for record number 253 with some ""quoted"" text."
254,"User 254, Jr.",user254@example.com,66.9300,true,"This is a sample description for record number 254 with some ""quoted"" text."
255,"User 255, Jr.",user255@example.com,97.1679,false,"This is a sample description for record number 255 with some ""quoted"" text."
256,"User 256, Jr.",user256@example.com,25.9598,true,"This is a sample description for record number 256 with some ""quoted"" text."
257,"User 257, Jr.",user257@example.com,69.6288,false,"This is a sample description for record number 257 with some ""quoted"" text."
258,"User 258, Jr.",user258@example.com,75.0359,true,"This is a sample description for record number 258 with some ""quoted"" text."
259,"User 259, Jr.",user259@example.com,28.7644,false,"This is a sample description for record number 259 with some ""quoted"" text."
260,"User 260, Jr.",user260@example.com,25.7365,true,"This is a sample description for record number 260 with some ""quoted"" text."
261,"User 261, Jr.",user261@example.com,61.1542,false,"This is a sample description for record number 261 with some ""quoted"" text."
262,"User 262, Jr.",user262@example.com,73.5822,true,"This is a sample description for record number 262 with some ""quoted"" text."
263,"User 263, Jr.",user263@example.com,39.7632,false,"This is a sample description for record number 263 with some ""quoted"" text."
264,"User 264, Jr.",user264@example.com,62.8149,true,"This is a sample description for record number 264 with some ""quoted"" text."
265,"User 265, Jr.",user265@example.com,7.2446,false,"This is a sample description for record number 265 with some ""quoted"" text."
266,"User 266, Jr.",user266@example.com,9.3943,true,"This is a sample description for record number 266 with some ""quoted"" text."
267,"User 267, Jr.",user267@example.com,93.9830,false,"This is a sample description for record number 267 with some ""quoted"" text."
268,"User 268, Jr.",user268@example.com,82.3873,true,"This is a sample description for record number 268 with some ""quoted"" text."
269,"User 269, Jr.",user269@example.com,15.6386,false,"This is a sample description for record number 269 with some ""quoted"" text."
270,"User 270, Jr.",user270@example.com,15.5404,true,"This is a sample description for record number 270 with some ""quoted"" text."
271,"User 271, Jr.",user271@example.com,83.7429,false,"This is a sample description for record number 271 with some ""quoted"" text."
272,"User 272, Jr.",user272@example.com,3.8621,true,"This is a sample description for record number 272 with some ""quoted"" text."
273,"User 273, Jr.",user273@example.com,10.7371,false,"This is a sample description for record number 273 with some ""quoted"" text."
274,"User 274, Jr.",user274@example.com,89.8274,true,"This is a sample description for record number 274 with some ""quoted"" text."
275,"User 275, Jr.",user275@example.com,49.4023,false,"This is a sample description for record number 275 with some ""quoted"" text."
276,"User 276, Jr.",user276@example.com,50.0266,true,"This is a sample description for record number 276 with some ""quoted"" text."
277,"User 277, Jr.",user277@example.com,3.1653,false,"This is a sample description for record number 277 with some ""quoted"" text."
278,"User 278, Jr.",user278@example.com,84.0551,true,"This is a sample description for record number 278 with some ""quoted"" text."
279,"User 279, Jr.",user279@example.com,10.6537,false,"This is a sample description for record number 279 with some ""quoted"" text."
280,"User 280, Jr.",user280@example.com,38.3186,true,"This is a sample description for record number 280 with some ""quoted"" text."
281,"User 281, Jr.",user281@example.com,45.2817,false,"This is a sample description for record number 281 with some ""quoted"" text."
282,"User 282, Jr.",user282@example.com,37.6482,true,"This is a sample description for record number 282 with some ""quoted"" text."
283,"User 283, Jr.",user283@example.com,31.3974,false,"This is a sample description for record number 283 with some ""quoted"" text."
284,"User 284, Jr.",user284@example.com,69.7231,true,"This is a sample description for record number 284 with some ""quoted"" text."
285,"User 285, Jr.",user285@example.com,30.7945,false,"This is a sample description for record number 285 with some ""quoted"" text."
286,"User 286, Jr.",user286@example.com,9.7998,true,"This is a sample description for record number 286 with some ""quoted"" text."
287,"User 287, Jr.",user287@example.com,90.2150,false,"This is a sample description for record number 287 with some ""quoted"" text."
288,"User 288, Jr.",user288@example.com,13.0361,true,"This is a sample description for record number 288 with some ""quoted"" text."
289,"User 289, Jr.",user289@example.com,61.4940,false,"This is a sample description for record number 289 with some ""quoted"" text."
290,"User 290, Jr.",user290@example.com,15.0708,true,"This is a sample description for record number 290 with some ""quoted"" text."
291,"User 291, Jr.",user291@example.com,98.4121,false,"This is a sample description for record number 291 with some ""quoted"" text."
292,"User 292, Jr.",user292@example.com,28.8681,true,"This is a sample description for record number 292 with some ""quoted"" text."
293,"User 293, Jr.",user293@example.com,10.7218,false,"This is a sample description for record number 293 with some ""quoted"" text."
294,"User 294, Jr.",user294@example.com,2.1207,true,"This is a sample description for record number 294 with some ""quoted"" text."
295,"User 295, Jr.",user295@example.com,87.1215,false,"This is a sample description for record number 295 with some ""quoted"" text."
296,"User 296, Jr.",user296@example.com,22.4691,true,"This is a sample description for record number 296 with some ""quoted"" text."
297,"User 297, Jr.",user297@example.com,26.1472,false,"This is a sample description for record number 297 with some ""quoted"" text."
298,"User 298, Jr.",user298@example.com,50.7481,true,"This is a sample description for record number 298 with some ""quoted"" text."
299,"User 299, Jr.",user299@example.com,52.7237,false,"This is a sample description for record number 299 with some ""quoted"" text."
300,"User 300, Jr.",user300@example.com,54.1968,true,"This is a sample description for record number 300 with some ""quoted"" text."
301,"User 301, Jr.",user301@example.com,58.3574,false,"This is a sample description for record number 301 with some ""quoted"" text."
302,"User 302, Jr.",user302@example.com,6.8537,true,"This is a sample description for record number 302 with some ""quoted"" text."
303,"User 303, Jr.",user303@example.com,3.0555,false,"This is a sample description for record number 303 with some ""quoted"" text."
304,"User 304, Jr.",user304@example.com,2.5771,true,"This is a sample description for record number 304 with some ""quoted"" text."
305,"User 305, Jr.",user305@example.com,15.8859,false,"This is a sample description for record number 305 with some ""quoted"" text."
306,"User 306, Jr.",user306@example.com,44.8476,true,"This is a sample description for record number 306 with some ""quoted"" text."
307,"User 307, Jr.",user307@example.com,67.5198,false,"This is a sample description for record number 307 with some ""quoted"" text."
308,"User 308, Jr.",user308@example.com,0.8592,true,"This is a sample description for record number 308 with some ""quoted"" text."
309,"User 309, Jr.",user309@example.com,73.0335,false,"This is a sample description for record number 309 with some ""quoted"" text."
310,"User 310, Jr.",user310@example.com,30.8366,true,"This is a sample description for record number 310 with some ""quoted"" text."
311,"User 311, Jr.",user311@example.com,88.2959,false,"This is a sample description for record number 311 with some ""quoted"" text."
312,"User 312, Jr.",user312@example.com,64.8548,true,"This is a sample description for record number 312 with some ""quoted"" text."
313,"User 313, Jr.",user313@example.com,0.5696,false,"This is a sample description for record number 313 with some ""quoted"" text."
314,"User 314, Jr.",user314@example.com,74.0026,true,"This is a sample description for record number 314 with some ""quoted"" text."
315,"User 315, Jr.",user315@example.com,96.0420,false,"This is a sample description for record number 315 with some ""quoted"" text."
316,"User 316, Jr.",user316@example.com,28.0823,true,"This is a sample description for record number 316 with some ""quoted"" text."
317,"User 317, Jr.",user317@example.com,99.1211,false,"This is a sample description for record number 317 with some ""quoted"" text."
318,"User 318, Jr.",user318@example.com,23.2358,true,"This is a sample description for record number 318 with some ""quoted"" text."
319,"User 319, Jr.",user319@example.com,2.4792,false,"This is a sample description for record number 319 with some ""quoted"" text."
320,"User 320, Jr.",user320@example.com,61.1847,true,"This is a sample description for record number 320 with some ""quoted"" text."
321,"User 321, Jr.",user321@example.com,76.7156,false,"This is a sample description for record number 321 with some ""quoted"" text."
322,"User 322, Jr.",user322@example.com,23.2027,true,"This is a sample description for record number 322 with some ""quoted"" text."
323,"User 323, Jr.",user323@example.com,91.4918,false,"This is a sample description for record number 323 with some ""quoted"" text."
324,"User 324, Jr.",user324@example.com,84.8693,true,"This is a sample description for record number 324 with some ""quoted"" text."
325,"User 325, Jr.",user325@example.com,84.9735,false,"This is a sample description for record number 325 with some ""quoted"" text."
326,"User 326, Jr.",user326@example.com,89.9664,true,"This is a sample description for record number 326 with some ""quoted"" text."
327,"User 327, Jr.",user327@example.com,48.3437,false,"This is a sample description for record number 327 with some ""quoted"" text."
328,"User 328, Jr.",user328@example.com,47.3273,true,"This is a sample description for record number 328 with some ""quoted"" text."
329,"User 329, Jr.",user329@example.com,62.6669,false,"This is a sample description for record number 329 with some ""quoted"" text."
330,"User 330, Jr.",user330@example.com,41.8917,true,"This is a sample description for record number 330 with some ""quoted"" text."
331,"User 331, Jr.",user331@example.com,57.5160,false,"This is a sample description for record number 331 with some ""quoted"" text."
332,"User 332, Jr.",user332@example.com,34.8982,true,"This is a sample description for record number 332 with some ""quoted"" text."
333,"User 333, Jr.",user333@example.com,93.1762,false,"This is a sample description for record number 333 with some ""quoted"" text."
334,"User 334, Jr.",user334@example.com,20.0557,true,"This is a sample description for record number 334 with some ""quoted"" text."
335,"User 335, Jr.",user335@example.com,50.9174,false,"This is a sample description for record number 335 with some ""quoted"" text."
336,"User 336, Jr.",user336@example.com,5.4496,true,"This is a sample description for record number 336 with some ""quoted"" text."
337,"User 337, Jr.",user337@example.com,4.0991,false,"This is a sample description for record number 337 with some ""quoted"" text."
338,"User 338, Jr.",user338@example.com,76.6251,true,"This is a sample description for record number 338 with some ""quoted"" text."
339,"User 339, Jr.",user339@example.com,82.7399,false,"This is a sample description for record number 339 with some ""quoted"" text."
340,"User 340, Jr.",user340@example.com,42.2737,true,"This is a sample description for record number 340 with some ""quoted"" text."
341,"User 341, Jr.",user341@example.com,68.4634,false,"This is a sample description for record number 341 with some ""quoted"" text."
342,"User 342, Jr.",user342@example.com,18.6391,true,"This is a sample description for record number 342 with some ""quoted"" text."
343,"User 343, Jr.",user343@example.com,18.6119,false,"This is a sample description for record number 343 with some ""quoted"" text."
344,"User 344, Jr.",user344@example.com,35.2647,true,"This is a sample description for record number 344 with some ""quoted"" text."
345,"User 345, Jr.",user345@example.com,73.7656,false,"This is a sample description for record number 345 with some ""quoted"" text."
346,"User 346, Jr.",user346@example.com,18.8242,true,"This is a sample description for record number 346 with some ""quoted"" text."
347,"User 347, Jr.",user347@example.com,73.3270,false,"This is a sample description for record number 347 with some ""quoted"" text."
348,"User 348, Jr.",user348@example.com,97.3382,true,"This is a sample description for record number 348 with some ""quoted"" text."
349,"User 349, Jr.",user349@example.com,20.9329,false,"This is a sample description for record number 349 with some ""quoted"" text."
350,"User 350, Jr.",user350@example.com,20.8710,true,"This is a sample description for record number 350 with some ""quoted"" text."
351,"User 351, Jr.",user351@example.com,99.5682,false,"This is a sample description for record number 351 with some ""quoted"" text."
352,"User 352, Jr.",user352@example.com,56.2343,true,"This is a sample description for record number 352 with some ""quoted"" text."
353,"User 353, Jr.",user353@example.com,21.4550,false,"This is a sample description for record number 353 with some ""quoted"" text."
354,"User 354, Jr.",user354@example.com,23.5364,true,"This is a sample description for record number 354 with some ""quoted"" text."
355,"User 355, Jr.",user355@example.com,39.6463,false,"This is a sample description for record number 355 with some ""quoted"" text."
356,"User 356, Jr.",user356@example.com,36.4990,true,"This is a sample description for record number 356 with some ""quoted"" text."
357,"User 357, Jr.",user357@example.com,31.1637,false,"This is a sample description for record number 357 with some ""quoted"" text."
358,"User 358, Jr.",user358@example.com,77.2805,true,"This is a sample description for record number 358 with some ""quoted"" text."
359,"User 359, Jr.",user359@example.com,57.2310,false,"This is a sample description for record number 359 with some ""quoted"" text."
360,"User 360, Jr.",user360@example.com,52.9228,true,"This is a sample description for record number 360 with some ""quoted"" text."
361,"User 361, Jr.",user361@example.com,23.2465,false,"This is a sample description for record number 361 with some ""quoted"" text."
362,"User 362, Jr.",user362@example.com,81.2804,true,"This is a sample description for record number 362 with some ""quoted"" text."
363,"User 363, Jr.",user363@example.com,53.0223,false,"This is a sample description for record number 363 with some ""quoted"" text."
364,"User 364, Jr.",user364@example.com,12.3003,true,"This is a sample description for record number 364 with some ""quoted"" text."
365,"User 365, Jr.",user365@example.com,42.8904,false,"This is a sample description for record number 365 with some ""quoted"" text."
366,"User 366, Jr.",user366@example.com,74.0498,true,"This is a sample description for record number 366 with some ""quoted"" text."
367,"User 367, Jr.",user367@example.com,73.9802,false,"This is a sample description for record number 367 with some ""quoted"" text."
368,"User 368, Jr.",user368@example.com,6.6949,true,"This is a sample description for record number 368 with some ""quoted"" text."
369,"User 369, Jr.",user369@example.com,32.1597,false,"This is a sample description for record number 369 with some ""quoted"" text."
370,"User 370, Jr.",user370@example.com,14.7985,true,"This is a sample description for record number 370 with some ""quoted"" text."
371,"User 371, Jr.",user371@example.com,82.1878,false,"This is a sample description for record number 371 with some ""quoted"" text."
372,"User 372, Jr.",user372@example.com,33.8425,true,"This is a sample description for record number 372 with some ""quoted"" text."
373,"User 373, Jr.",user373@example.com,6.4258,false,"This is a sample description for record number 373 with some ""quoted"" text."
374,"User 374, Jr.",user374@example.com,75.1088,true,"This is a sample description for record number 374 with some ""quoted"" text."
375,"User 375, Jr.",user375@example.com,96.8883,false,"This is a sample description for record number 375 with some ""quoted"" text."
376,"User 376, Jr.",user376@example.com,16.4091,true,"This is a sample description for record number 376 with some ""quoted"" text."
377,"User 377, Jr.",user377@example.com,48.4055,false,"This is a sample description for record number 377 with some ""quoted"" text."
378,"User 378, Jr.",user378@example.com,50.1426,true,"This is a sample description for record number 378 with some ""quoted"" text."
379,"User 379, Jr.",user379@example.com,57.2783,false,"This is a sample description for record number 379 with some ""quoted"" text."
380,"User 380, Jr.",user380@example.com,19.0406,true,"This is a sample description for record number 380 with some ""quoted"" text."
381,"User 381, Jr.",user381@example.com,99.1029,false,"This is a sample description for record number 381 with some ""quoted"" text."
382,"User 382, Jr.",user382@example.com,82.9031,true,"This is a sample description for record number 382 with some ""quoted"" text."
383,"User 383, Jr.",user383@example.com,95.8081,false,"This is a sample description for record number 383 with some ""quoted"" text."
384,"User 384, Jr.",user384@example.com,55.6835,true,"This is a sample description for record number 384 with some ""quoted"" text."
385,"User 385, Jr.",user385@example.com,33.9984,false,"This is a sample description for record number 385 with some ""quoted"" text."
386,"User 386, Jr.",user386@example.com,41.8851,true,"This is a sample description for record number 386 with some ""quoted"" text."
387,"User 387, Jr.",user387@example.com,0.3084,false,"This is a sample description for record number 387 with some ""quoted"" text."
388,"User 388, Jr.",user388@example.com,72.7560,true,"This is a sample description for record number 388 with some ""quoted"" text."
389,"User 389, Jr.",user389@example.com,46.9080,false,"This is a sample description for record number 389 with some ""quoted"" text."
390,"User 390, Jr.",user390@example.com,18.3747,true,"This is a sample description for record number 390 with some ""quoted"" text."
391,"User 391, Jr.",user391@example.com,32.9896,false,"This is a sample description for record number 391 with some ""quoted"" text."
392,"User 392, Jr.",user392@example.com,37.7680,true,"This is a sample description for record number 392 with some ""quoted"" text."
393,"User 393, Jr.",user393@example.com,15.6568,false,"This is a sample description for record number 393 with some ""quoted"" text."
394,"User 394, Jr.",user394@example.com,94.3934,true,"This is a sample description for record number 394 with some ""quoted"" text."
395,"User 395, Jr.",user395@example.com,84.2198,false,"This is a sample description for record number 395 with some ""quoted"" text."
396,"User 396, Jr.",user396@example.com,23.3586,true,"This is a sample description for record number 396 with some ""quoted"" text."
397,"User 397, Jr.",user397@example.com,44.3096,false,"This is a sample description for record number 397 with some ""quoted"" text."
398,"User 398, Jr.",user398@example.com,5.0056,true,"This is a sample description for record number 398 with some ""quoted"" text."
399,"User 399, Jr.",user399@example.com,97.9282,false,"This is a sample description for record number 399 with some ""quoted"" text."
400,"User 400, Jr.",user400@example.com,61.0539,true,"This is a sample description for record number 400 with some ""quoted"" text."
401,"User 401, Jr.",user401@example.com,65.0262,false,"This is a sample description for record number 401 with some ""quoted"" text."
402,"User 402, Jr.",user402@example.com,61.0669,true,"This is a sample description for record number 402 with some ""quoted"" text."
403,"User 403, Jr.",user403@example.com,32.8898,false,"This is a sample description for record number 403 with some ""quoted"" text."
404,"User 404, Jr.",user404@example.com,77.9298,true,"This is a sample description for record number 404 with some ""quoted"" text."
405,"User 405, Jr.",user405@example.com,35.9272,false,"This is a sample description for record number 405 with some ""quoted"" text."
406,"User 406, Jr.",user406@example.com,65.9388,true,"This is a sample description for record number 406 with some ""quoted"" text."
407,"User 407, Jr.",user407@example.com,78.4409,false,"This is a sample description for record number 407 with some ""quoted"" text."
408,"User 408, Jr.",user408@example.com,97.1966,true,"This is a sample description for record number 408 with some ""quoted"" text."
409,"User 409, Jr.",user409@example.com,30.1474,false,"This is a sample description for record number 409 with some ""quoted"" text."
410,"User 410, Jr.",user410@example.com,31.6973,true,"This is a sample description for record number 410 with some ""quoted"" text."
411,"User 411, Jr.",user411@example.com,27.1214,false,"This is a sample description for record number 411 with some ""quoted"" text."
412,"User 412, Jr.",user412@example.com,74.6185,true,"This is a sample description for record number 412 with some ""quoted"" text."
413,"User 413, Jr.",user413@example.com,97.8100,false,"This is a sample description for record number 413 with some ""quoted"" text."
414,"User 414, Jr.",user414@example.com,18.5170,true,"This is a sample description for record number 414 with some ""quoted"" text."
415,"User 415, Jr.",user415@example.com,65.0041,false,"This is a sample description for record number 415 with some ""quoted"" text."
416,"User 416, Jr.",user416@example.com,91.9322,true,"This is a sample description for record number 416 with some ""quoted"" text."
417,"User 417, Jr.",user417@example.com,64.8559,false,"This is a sample description for record number 417 with some ""quoted"" text."
418,"User 418, Jr.",user418@example.com,34.3304,true,"This is a sample description for record number 418 with some ""quoted"" text."
419,"User 419, Jr.",user419@example.com,43.8067,false,"This is a sample description for record number 419 with some ""quoted"" text."
420,"User 420, Jr.",user420@example.com,11.8041,true,"This is a sample description for record number 420 with some ""quoted"" text."
421,"User 421, Jr.",user421@example.com,68.5146,false,"This is a sample description for record number 421 with some ""quoted"" text."
422,"User 422, Jr.",user422@example.com,76.6577,true,"This is a sample description for record number 422 with some ""quoted"" text."
423,"User 423, Jr.",user423@example.com,97.7681,false,"This is a sample description for record number 423 with some ""quoted"" text."
424,"User 424, Jr.",user424@example.com,85.9469,true,"This is a sample description for record number 424 with some ""quoted"" text."
425,"User 425, Jr.",user425@example.com,64.4381,false,"This is a sample description for record number 425 with some ""quoted"" text."
426,"User 426, Jr.",user426@example.com,14.9396,true,"This is a sample description for record number 426 with some ""quoted"" text."
427,"User 427, Jr.",user427@example.com,76.5641,false,"This is a sample description for record number 427 with some ""quoted"" text."
428,"User 428, Jr.",user428@example.com,47.2717,true,"This is a sample description for record number 428 with some ""quoted"" text."
429,"User 429, Jr.",user429@example.com,17.9449,false,"This is a sample description for record number 429 with some ""quoted"" text."
430,"User 430, Jr.",user430@example.com,85.7824,true,"This is a sample description for record number 430 with some ""quoted"" text."
431,"User 431, Jr.",user431@example.com,32.1147,false,"This is a sample description for record number 431 with some ""quoted"" text."
432,"User 432, Jr.",user432@example.com,93.2584,true,"This is a sample description for record number 432 with some ""quoted"" text."
433,"User 433, Jr.",user433@example.com,66.5894,false,"This is a sample description for record number 433 with some ""quoted"" text."
434,"User 434, Jr.",user434@example.com,34.0345,true,"This is a sample description for record number 434 with some ""quoted"" text."
435,"User 435, Jr.",user435@example.com,32.0365,false,"This is a sample description for record number 435 with some ""quoted"" text."
436,"User 436, Jr.",user436@example.com,21.9639,true,"This is a sample description for record number 436 with some ""quoted"" text."
437,"User 437, Jr.",user437@example.com,59.7218,false,"This is a sample description for record number 437 with some ""quoted"" text."
438,"User 438, Jr.",user438@example.com,15.2318,true,"This is a sample description for record number 438 with some ""quoted"" text."
439,"User 439, Jr.",user439@example.com,8.9286,false,"This is a sample description for record number 439 with some ""quoted"" text."
440,"User 440, Jr.",user440@example.com,24.1756,true,"This is a sample description for record number 440 with some ""quoted"" text."
441,"User 441, Jr.",user441@example.com,60.6986,false,"This is a sample description for record number 441 with some ""quoted"" text."
442,"User 442, Jr.",user442@example.com,10.3256,true,"This is a sample description for record number 442 with some ""quoted"" text."
443,"User 443, Jr.",user443@example.com,48.8877,false,"This is a sample description for record number 443 with some ""quoted"" text."
444,"User 444, Jr.",user444@example.com,20.9936,true,"This is a sample description for record number 444 with some ""quoted"" text."
445,"User 445, Jr.",user445@example.com,71.1005,false,"This is a sample description for record number 445 with some ""quoted"" text."
446,"User 446, Jr.",user446@example.com,35.2599,true,"This is a sample description for record number 446 with some ""quoted"" text."
447,"User 447, Jr.",user447@example.com,13.5098,false,"This is a sample description for record number 447 with some ""quoted"" text."
448,"User 448, Jr.",user448@example.com,43.6324,true,"This is a sample description for record number 448 with some ""quoted"" text."
449,"User 449, Jr.",user449@example.com,98.0287,false,"This is a sample description for record number 449 with some ""quoted"" text."
450,"User 450, Jr.",user450@example.com,95.0390,true,"This is a sample description for record number 450 with some ""quoted"" text."
451,"User 451, Jr.",user451@example.com,54.1770,false,"This is a sample description for record number 451 with some ""quoted"" text."
452,"User 452, Jr.",user452@example.com,46.2620,true,"This is a sample description for record number 452 with some ""quoted"" text."
453,"User 453, Jr.",user453@example.com,43.1677,false,"This is a sample description for record number 453 with some ""quoted"" text."
454,"User 454, Jr.",user454@example.com,48.5890,true,"This is a sample description for record number 454 with some ""quoted"" text."
455,"User 455, Jr.",user455@example.com,46.9608,false,"This is a sample description for record number 455 with some ""quoted"" text."
456,"User 456, Jr.",user456@example.com,45.6533,true,"This is a sample description for record number 456 with some ""quoted"" text."
457,"User 457, Jr.",user457@example.com,70.0940,false,"This is a sample description for record number 457 with some ""quoted"" text."
458,"User 458, Jr.",user458@example.com,25.1228,true,"This is a sample description for record number 458 with some ""quoted"" text."
459,"User 459, Jr.",user459@example.com,70.9325,false,"This is a sample description for record number 459 with some ""quoted"" text."
460,"User 460, Jr.",user460@example.com,78.5060,true,"This is a sample description for record number 460 with some ""quoted"" text."
461,"User 461, Jr.",user461@example.com,92.7197,false,"This is a sample description for record number 461 with some ""quoted"" text."
462,"User 462, Jr.",user462@example.com,21.7648,true,"This is a sample description for record number 462 with some ""quoted"" text."
463,"User 463, Jr.",user463@example.com,43.8036,false,"This is a sample description for record number 463 with some ""quoted"" text."
464,"User 464, Jr.",user464@example.com,68.7276,true,"This is a sample description for record number 464 with some ""quoted"" text."
465,"User 465, Jr.",user465@example.com,27.3989,false,"This is a sample description for record number 465 with some ""quoted"" text."
466,"User 466, Jr.",user466@example.com,22.8672,true,"This is a sample description for record number 466 with some ""quoted"" text."
467,"User 467, Jr.",user467@example.com,85.5032,false,"This is a sample description for record number 467 with some ""quoted"" text."
468,"User 468, Jr.",user468@example.com,17.8681,true,"This is a sample description for record number 468 with some ""quoted"" text."
469,"User 469, Jr.",user469@example.com,95.2087,false,"This is a sample description for record number 469 with some ""quoted"" text."
470,"User 470, Jr.",user470@example.com,47.6672,true,"This is a sample description for record number 470 with some ""quoted"" text."
471,"User 471, Jr.",user471@example.com,16.5984,false,"This is a sample description for record number 471 with some ""quoted"" text."
472,"User 472, Jr.",user472@example.com,32.8594,true,"This is a sample description for record number 472 with some ""quoted"" text."
473,"User 473, Jr.",user473@example.com,82.5883,false,"This is a sample description for record number 473 with some ""quoted"" text."
474,"User 474, Jr.",user474@example.com,78.0123,true,"This is a sample description for record number 474 with some ""quoted"" text."
475,"User 475, Jr.",user475@example.com,61.3648,false,"This is a sample description for record number 475 with some ""quoted"" text."
476,"User 476, Jr.",user476@example.com,22.6256,true,"This is a sample description for record number 476 with some ""quoted"" text."
477,"User 477, Jr.",user477@example.com,93.9071,false,"This is a sample description for record number 477 with some ""quoted"" text."
478,"User 478, Jr.",user478@example.com,50.2728,true,"This is a sample description for record number 478 with some ""quoted"" text."
479,"User 479, Jr.",user479@example.com,83.3084,false,"This is a sample description for record number 479 with some ""quoted"" text."
480,"User 480, Jr.",user480@example.com,74.6778,true,"This is a sample description for record number 480 with some ""quoted"" text."
481,"User 481, Jr.",user481@example.com,53.6001,false,"This is a sample description for record number 481 with some ""quoted"" text."
482,"User 482, Jr.",user482@example.com,12.6666,true,"This is a sample description for record number 482 with some ""quoted"" text."
483,"User 483, Jr.",user483@example.com,1.0126,false,"This is a sample description for record number 483 with some ""quoted"" text."
484,"User 484, Jr.",user484@example.com,27.9010,true,"This is a sample description for record number 484 with some ""quoted"" text."
485,"User 485, Jr.",user485@example.com,10.5554,false,"This is a sample description for record number 485 with some ""quoted"" text."
486,"User 486, Jr.",user486@example.com,80.4000,true,"This is a sample description for record number 486 with some ""quoted"" text."
487,"User 487, Jr.",user487@example.com,11.4924,false,"This is a sample description for record number 487 with some ""quoted"" text."
488,"User 488, Jr.",user488@example.com,92.4127,true,"This is a sample description for record number 488 with some ""quoted"" text."
489,"User 489, Jr.",user489@example.com,44.3426,false,"This is a sample description for record number 489 with some ""quoted"" text."
490,"User 490, Jr.",user490@example.com,26.9141,true,"This is a sample description for record number 490 with some ""quoted"" text."
491,"User 491, Jr.",user491@example.com,95.6082,false,"This is a sample description for record number 491 with some ""quoted"" text."
492,"User 492, Jr.",user492@example.com,5.2797,true,"This is a sample description for record number 492 with some ""quoted"" text."
493,"User 493, Jr.",user493@example.com,94.2382,false,"This is a sample description for record number 493 with some ""quoted"" text."
494,"User 494, Jr.",user494@example.com,57.4626,true,"This is a sample description for record number 494 with some ""quoted"" text."
495,"User 495, Jr.",user495@example.com,44.9599,false,"This is a sample description for record number 495 with some ""quoted"" text."
496,"User 496, Jr.",user496@example.com,76.2969,true,"This is a sample description for record number 496 with some ""quoted"" text."
497,"User 497, Jr.",user497@example.com,31.9141,false,"This is a sample description for record number 497 with some ""quoted"" text."
498,"User 498, Jr.",user498@example.com,48.0738,true,"This is a sample description for record number 498 with some ""quoted"" text."
499,"User 499, Jr.",user499@example.com,43.2156,false,"This is a sample description for record number 499 with some ""quoted"" text."
500,"User 500, Jr.",user500@example.com,62.5914,true,"This is a sample description for record number 500 with some ""quoted"" text."
501,"User 501, Jr.",user501@example.com,4.5448,false,"This is a sample description for record number 501 with some ""quoted"" text."
502,"User 502, Jr.",user502@example.com,98.2457,true,"This is a sample description for record number 502 with some ""quoted"" text."
503,"User 503, Jr.",user503@example.com,63.2342,false,"This is a sample description for record number 503 with some ""quoted"" text."
504,"User 504, Jr.",user504@example.com,72.9253,true,"This is a sample description for record number 504 with some ""quoted"" text."
505,"User 505, Jr.",user505@example.com,84.7214,false,"This is a sample description for record number 505 with some ""quoted"" text."
506,"User 506, Jr.",user506@example.com,17.4490,true,"This is a sample description for record number 506 with some ""quoted"" text."
507,"User 507, Jr.",user507@example.com,98.8916,false,"This is a sample description for record number 507 with some ""quoted"" text."
508,"User 508, Jr.",user508@example.com,4.1222,true,"This is a sample description for record number 508 with some ""quoted"" text."
509,"User 509, Jr.",user509@example.com,18.4497,false,"This is a sample description for record number 509 with some ""quoted"" text."
510,"User 510, Jr.",user510@example.com,40.3469,true,"This is a sample description for record number 510 with some ""quoted"" text."
511,"User 511, Jr.",user511@example.com,64.2786,false,"This is a sample description for record number 511 with some ""quoted"" text."
512,"User 512, Jr.",user512@example.com,81.2149,true,"This is a sample description for record number 512 with some ""quoted"" text."
513,"User 513, Jr.",user513@example.com,63.0647,false,"This is a sample description for record number 513 with some ""quoted"" text."
514,"User 514, Jr.",user514@example.com,41.3962,true,"This is a sample description for record number 514 with some ""quoted"" text."
515,"User 515, Jr.",user515@example.com,15.7384,false,"This is a sample description for record number 515 with some ""quoted"" text."
516,"User 516, Jr.",user516@example.com,9.3917,true,"This is a sample description for record number 516 with some ""quoted"" text."
517,"User 517, Jr.",user517@example.com,6.4238,false,"This is a sample description for record number 517 with some ""quoted"" text."
518,"User 518, Jr.",user518@example.com,54.1179,true,"This is a sample description for record number 518 with some ""quoted"" text."
519,"User 519, Jr.",user519@example.com,36.3432,false,"This is a sample description for record number 519 with some ""quoted"" text."
520,"User 520, Jr.",user520@example.com,66.8975,true,"This is a sample description for record number 520 with some ""quoted"" text."
521,"User 521, Jr.",user521@example.com,59.5775,false,"This is a sample description for record number 521 with some ""quoted"" text."
522,"User 522, Jr.",user522@example.com,54.2904,true,"This is a sample description for record number 522 with some ""quoted"" text."
523,"User 523, Jr.",user523@example.com,41.6344,false,"This is a sample description for record number 523 with some ""quoted"" text."
524,"User 524, Jr.",user524@example.com,54.0411,true,"This is a sample description for record number 524 with some ""quoted"" text."
525,"User 525, Jr.",user525@example.com,46.5667,false,"This is a sample description for record number 525 with some ""quoted"" text."
526,"User 526, Jr.",user526@example.com,14.9304,true,"This is a sample description for record number 526 with some ""quoted"" text."
527,"User 527, Jr.",user527@example.com,15.2708,false,"This is a sample description for record number 527 with some ""quoted"" text."
528,"User 528, Jr.",user528@example.com,35.5760,true,"This is a sample description for record number 528 with some ""quoted"" text."
529,"User 529, Jr.",user529@example.com,59.9167,false,"This is a sample description for record number 529 with some ""quoted"" text."
530,"User 530, Jr.",user530@example.com,90.3559,true,"This is a sample description for record number 530 with some ""quoted"" text."
531,"User 531, Jr.",user531@example.com,11.0941,false,"This is a sample description for record number 531 with some ""quoted"" text."
532,"User 532, Jr.",user532@example.com,48.9323,true,"This is a sample description for record number 532 with some ""quoted"" text."
533,"User 533, Jr.",user533@example.com,16.8000,false,"This is a sample description for record number 533 with some ""quoted"" text."
534,"User 534, Jr.",user534@example.com,20.7420,true,"This is a sample description for record number 534 with some ""quoted"" text."
535,"User 535, Jr.",user535@example.com,47.4085,false,"This is a sample description for record number 535 with some ""quoted"" text."
536,"User 536, Jr.",user536@example.com,77.5173,true,"This is a sample description for record number 536 with some ""quoted"" text."
537,"User 537, Jr.",user537@example.com,52.9180,false,"This is a sample description for record number 537 with some ""quoted"" text."
538,"User 538, Jr.",user538@example.com,77.9573,true,"This is a sample description for record number 538 with some ""quoted"" text."
539,"User 539, Jr.",user539@example.com,56.4522,false,"This is a sample description for record number 539 with some ""quoted"" text."
540,"User 540, Jr.",user540@example.com,10.4606,true,"This is a sample description for record number 540 with some ""quoted"" text."
541,"User 541, Jr.",user541@example.com,42.6365,false,"This is a sample description for record number 541 with some ""quoted"" text."
542,"User 542, Jr.",user542@example.com,20.9476,true,"This is a sample description for record number 542 with some ""quoted"" text."
543,"User 543, Jr.",user543@example.com,45.0440,false,"This is a sample description for record number 543 with some ""quoted"" text."
544,"User 544, Jr.",user544@example.com,27.4154,true,"This is a sample description for record number 544 with some ""quoted"" text."
545,"User 545, Jr.",user545@example.com,60.1197,false,"This is a sample description for record number 545 with some ""quoted"" text."
546,"User 546, Jr.",user546@example.com,31.9131,true,"This is a sample description for record number 546 with some ""quoted"" text."
547,"User 547, Jr.",user547@example.com,88.9937,false,"This is a sample description for record number 547 with some ""quoted"" text."
548,"User 548, Jr.",user548@example.com,54.8422,true,"This is a sample description for record number 548 with some ""quoted"" text."
549,"User 549, Jr.",user549@example.com,73.0865,false,"This is a sample description for record number 549 with some ""quoted"" text."
550,"User 550, Jr.",user550@example.com,65.4953,true,"This is a sample description for record number 550 with some ""quoted"" text."
551,"User 551, Jr.",user551@example.com,42.1804,false,"This is a sample description for record number 551 with some ""quoted"" text."
552,"User 552, Jr.",user552@example.com,70.5258,true,"This is a sample description for record number 552 with some ""quoted"" text."
553,"User 553, Jr.",user553@example.com,96.4723,false,"This is a sample description for record number 553 with some ""quoted"" text."
554,"User 554, Jr.",user554@example.com,80.1655,true,"This is a sample description for record number 554 with some ""quoted"" text."
555,"User 555, Jr.",user555@example.com,98.0663,false,"This is a sample description for record number 555 with some ""quoted"" text."
556,"User 556, Jr.",user556@example.com,48.2433,true,"This is a sample description for record number 556 with some ""quoted"" text."
557,"User 557, Jr.",user557@example.com,32.0501,false,"This is a sample description for record number 557 with some ""quoted"" text."
558,"User 558, Jr.",user558@example.com,55.0565,true,"This is a sample description for record number 558 with some ""quoted"" text."
559,"User 559, Jr.",user559@example.com,42.0556,false,"This is a sample description for record number 559 with some ""quoted"" text."
560,"User 560, Jr.",user560@example.com,33.6347,true,"This is a sample description for record number 560 with some ""quoted"" text."
561,"User 561, Jr.",user561@example.com,80.2909,false,"This is a sample description for record number 561 with some ""quoted"" text."
562,"User 562, Jr.",user562@example.com,10.3272,true,"This is a sample description for record number 562 with some ""quoted"" text."
563,"User 563, Jr.",user563@example.com,77.9703,false,"This is a sample description for record number 563 with some ""quoted"" text."
564,"User 564, Jr.",user564@example.com,74.1376,true,"This is a sample description for record number 564 with some ""quoted"" text."
565,"User 565, Jr.",user565@example.com,0.6163,false,"This is a sample description for record number 565 with some ""quoted"" text."
566,"User 566, Jr.",user566@example.com,59.0159,true,"This is a sample description for record number 566 with some ""quoted"" text."
567,"User 567, Jr.",user567@example.com,5.8109,false,"This is a sample description for record number 567 with some ""quoted"" text."
568,"User 568, Jr.",user568@example.com,93.7506,true,"This is a sample description for record number 568 with some ""quoted"" text."
569,"User 569, Jr.",user569@example.com,83.3113,false,"This is a sample description for record number 569 with some ""quoted"" text."
570,"User 570, Jr.",user570@example.com,65.0163,true,"This is a sample description for record number 570 with some ""quoted"" text."
571,"User 571, Jr.",user571@example.com,48.7857,false,"This is a sample description for record number 571 with some ""quoted"" text."
572,"User 572, Jr.",user572@example.com,9.1674,true,"This is a sample description for record number 572 with some ""quoted"" text."
573,"User 573, Jr.",user573@example.com,95.7051,false,"This is a sample description for record number 573 with some ""quoted"" text."
574,"User 574, Jr.",user574@example.com,64.8314,true,"This is a sample description for record number 574 with some ""quoted"" text."
575,"User 575, Jr.",user575@example.com,38.9143,false,"This is a sample description for record number 575 with some ""quoted"" text."
576,"User 576, Jr.",user576@example.com,53.7292,true,"This is a sample description for record number 576 with some ""quoted"" text."
577,"User 577, Jr.",user577@example.com,62.9162,false,"This is a sample description for record number 577 with some ""quoted"" text."
578,"User 578, Jr.",user578@example.com,77.0570,true,"This is a sample description for record number 578 with some ""quoted"" text."
579,"User 579, Jr.",user579@example.com,63.3594,false,"This is a sample description for record number 579 with some ""quoted"" text."
580,"User 580, Jr.",user580@example.com,63.8613,true,"This is a sample description for record number 580 with some ""quoted"" text."
581,"User 581, Jr.",user581@example.com,82.7938,false,"This is a sample description for record number 581 with some ""quoted"" text."
582,"User 582, Jr.",user582@example.com,15.7325,true,"This is a sample description for record number 582 with some ""quoted"" text."
583,"User 583, Jr.",user583@example.com,41.2398,false,"This is a sample description for record number 583 with some ""quoted"" text."
584,"User 584, Jr.",user584@example.com,84.3039,true,"This is a sample description for record number 584 with some ""quoted"" text."
585,"User 585, Jr.",user585@example.com,45.7982,false,"This is a sample description for record number 585 with some ""quoted"" text."
586,"User 586, Jr.",user586@example.com,51.3198,true,"This is a sample description for record number 586 with some ""quoted"" text."
587,"User 587, Jr.",user587@example.com,6.6918,false,"This is a sample description for record number 587 with some ""quoted"" text."
588,"User 588, Jr.",user588@example.com,90.0926,true,"This is a sample description for record number 588 with some ""quoted"" text."
589,"User 589, Jr.",user589@example.com,33.5002,false,"This is a sample description for record number 589 with some ""quoted"" text."
590,"User 590, Jr.",user590@example.com,31.3284,true,"This is a sample description for record number 590 with some ""quoted"" text."
591,"User 591, Jr.",user591@example.com,39.0511,false,"This is a sample description for record number 591 with some ""quoted"" text."
592,"User 592, Jr.",user592@example.com,13.0093,true,"This is a sample description for record number 592 with some ""quoted"" text."
593,"User 593, Jr.",user593@example.com,39.2960,false,"This is a sample description for record number 593 with some ""quoted"" text."
594,"User 594, Jr.",user594@example.com,65.3548,true,"This is a sample description for record number 594 with some ""quoted"" text."
595,"User 595, Jr.",user595@example.com,51.0594,false,"This is a sample description for record number 595 with some ""quoted"" text."
596,"User 596, Jr.",user596@example.com,45.3124,true,"This is a sample description for record number 596 with some ""quoted"" text."
597,"User 597, Jr.",user597@example.com,18.0765,false,"This is a sample description for record number 597 with some ""quoted"" text."
598,"User 598, Jr.",user598@example.com,26.7182,true,"This is a sample description for record number 598 with some ""quoted"" text."
599,"User 599, Jr.",user599@example.com,32.0091,false,"This is a sample description for record number 599 with some ""quoted"" text."
600,"User 600, Jr.",user600@example.com,51.1542,true,"This is a sample description for record number 600 with some ""quoted"" text."
601,"User 601, Jr.",user601@example.com,27.8354,false,"This is a sample description for record number 601 with some ""quoted"" text."
602,"User 602, Jr.",user602@example.com,6.1456,true,"This is a sample description for record number 602 with some ""quoted"" text."
603,"User 603, Jr.",user603@example.com,68.7557,false,"This is a sample description for record number 603 with some ""quoted"" text."
604,"User 604, Jr.",user604@example.com,8.7596,true,"This is a sample description for record number 604 with some ""quoted"" text."
605,"User 605, Jr.",user605@example.com,72.9263,false,"This is a sample description for record number 605 with some ""quoted"" text."
606,"User 606, Jr.",user606@example.com,66.4628,true,"This is a sample description for record number 606 with some ""quoted"" text."
607,"User 607, Jr.",user607@example.com,77.3219,false,"This is a sample description for record number 607 with some ""quoted"" text."
608,"User 608, Jr.",user608@example.com,63.2797,true,"This is a sample description for record number 608 with some ""quoted"" text."
609,"User 609, Jr.",user609@example.com,72.8923,false,"This is a sample description for record number 609 with some ""quoted"" text."
610,"User 610, Jr.",user610@example.com,94.4229,true,"This is a sample description for record number 610 with some ""quoted"" text."
611,"User 611, Jr.",user611@example.com,44.2727,false,"This is a sample description for record number 611 with some ""quoted"" text."
612,"User 612, Jr.",user612@example.com,31.1201,true,"This is a sample description for record number 612 with some ""quoted"" text."
613,"User 613, Jr.",user613@example.com,40.7485,false,"This is a sample description for record number 613 with some ""quoted"" text."
614,"User 614, Jr.",user614@example.com,99.6500,true,"This is a sample description for record number 614 with some ""quoted"" text."
615,"User 615, Jr.",user615@example.com,42.7391,false,"This is a sample description for record number 615 with some ""quoted"" text."
616,"User 616, Jr.",user616@example.com,56.3999,true,"This is a sample description for record number 616 with some ""quoted"" text."
617,"User 617, Jr.",user617@example.com,8.8359,false,"This is a sample description for record number 617 with some ""quoted"" text."
618,"User 618, Jr.",user618@example.com,24.9096,true,"This is a sample description for record number 618 with some ""quoted"" text."
619,"User 619, Jr.",user619@example.com,49.8711,false,"This is a sample description for record number 619 with some ""quoted"" text."
620,"User 620, Jr.",user620@example.com,76.7792,true,"This is a sample description for record number 620 with some ""quoted"" text."
621,"User 621, Jr.",user621@example.com,95.9505,false,"This is a sample description for record number 621 with some ""quoted"" text."
622,"User 622, Jr.",user622@example.com,25.5605,true,"This is a sample description for record number 622 with some ""quoted"" text."
623,"User 623, Jr.",user623@example.com,65.2143,false,"This is a sample description for record number 623 with some ""quoted"" text."
624,"User 624, Jr.",user624@example.com,96.8403,true,"This is a sample description for record number 624 with some ""quoted"" text."
625,"User 625, Jr.",user625@example.com,50.6828,false,"This is a sample description for record number 625 with some ""quoted"" text."
626,"User 626, Jr.",user626@example.com,34.1085,true,"This is a sample description for record number 626 with some ""quoted"" text."
627,"User 627, Jr.",user627@example.com,33.3362,false,"This is a sample description for record number 627 with some ""quoted"" text."
628,"User 628, Jr.",user628@example.com,44.9633,true,"This is a sample description for record number 628 with some ""quoted"" text."
629,"User 629, Jr.",user629@example.com,19.8099,false,"This is a sample description for record number 629 with some ""quoted"" text."
630,"User 630, Jr.",user630@example.com,41.7807,true,"This is a sample description for record number 630 with some ""quoted"" text."
631,"User 631, Jr.",user631@example.com,21.4431,false,"This is a sample description for record number 631 with some ""quoted"" text."
632,"User 632, Jr.",user632@example.com,13.1488,true,"This is a sample description for record number 632 with some ""quoted"" text."
633,"User 633, Jr.",user633@example.com,93.4471,false,"This is a sample description for record number 633 with some ""quoted"" text."
634,"User 634, Jr.",user634@example.com,30.3047,true,"This is a sample description for record number 634 with some ""quoted"" text."
635,"User 635, Jr.",user635@example.com,73.3487,false,"This is a sample description for record number 635 with some ""quoted"" text."
636,"User 636, Jr.",user636@example.com,84.6556,true,"This is a sample description for record number 636 with some ""quoted"" text."
637,"User 637, Jr.",user637@example.com,95.9575,false,"This is a sample description for record number 637 with some ""quoted"" text."
638,"User 638, Jr.",user638@example.com,96.0983,true,"This is a sample description for record number 638 with some ""quoted"" text."
639,"User 639, Jr.",user639@example.com,5.1893,false,"This is a sample description for record number 639 with some ""quoted"" text."
640,"User 640, Jr.",user640@example.com,22.8992,true,"This is a sample description for record number 640 with some ""quoted"" text."
641,"User 641, Jr.",user641@example.com,40.9576,false,"This is a sample description for record number 641 with some ""quoted"" text."
642,"User 642, Jr.",user642@example.com,53.7231,true,"This is a sample description for record number 642 with some ""quoted"" text."
643,"User 643, Jr.",user643@example.com,98.9699,false,"This is a sample description for record number 643 with some ""quoted"" text."
644,"User 644, Jr.",user644@example.com,56.5050,true,"This is a sample description for record number 644 with some ""quoted"" text."
645,"User 645, Jr.",user645@example.com,36.7026,false,"This is a sample description for record number 645 with some ""quoted"" text."
646,"User 646, Jr.",user646@example.com,44.8032,true,"This is a sample description for record number 646 with some ""quoted"" text."
647,"User 647, Jr.",user647@example.com,55.8396,false,"This is a sample description for record number 647 with some ""quoted"" text."
648,"User 648, Jr.",user648@example.com,24.8040,true,"This is a sample description for record number 648 with some ""quoted"" text."
649,"User 649, Jr.",user649@example.com,65.4590,false,"This is a sample description for record number 649 with some ""quoted"" text."
650,"User 650, Jr.",user650@example.com,18.7362,true,"This is a sample description for record number 650 with some ""quoted"" text."
651,"User 651, Jr.",user651@example.com,95.0793,false,"This is a sample description for record number 651 with some ""quoted"" text."
652,"User 652, Jr.",user652@example.com,69.9960,true,"This is a sample description for record number 652 with some ""quoted"" text."
653,"User 653, Jr.",user653@example.com,18.1133,false,"This is a sample description for record number 653 with some ""quoted"" text."
654,"User 654, Jr.",user654@example.com,73.1206,true,"This is a sample description for record number 654 with some ""quoted"" text."
655,"User 655, Jr.",user655@example.com,40.5181,false,"This is a sample description for record number 655 with some ""quoted"" text."
656,"User 656, Jr.",user656@example.com,75.1293,true,"This is a sample description for record number 656 with some ""quoted"" text."
657,"User 657, Jr.",user657@example.com,53.5803,false,"This is a sample description for record number 657 with some ""quoted"" text."
658,"User 658, Jr.",user658@example.com,6.5005,true,"This is a sample description for record number 658 with some ""quoted"" text."
659,"User 659, Jr.",user659@example.com,39.3416,false,"This is a sample description for record number 659 with some ""quoted"" text."
660,"User 660, Jr.",user660@example.com,65.3534,true,"This is a sample description for record number 660 with some ""quoted"" text."
661,"User 661, Jr.",user661@example.com,80.8359,false,"This is a sample description for record number 661 with some ""quoted"" text."
662,"User 662, Jr.",user662@example.com,58.1612,true,"This is a sample description for record number 662 with some ""quoted"" text."
663,"User 663, Jr.",user663@example.com,81.8899,false,"This is a sample description for record number 663 with some ""quoted"" text."
664,"User 664, Jr.",user664@example.com,21.4276,true,"This is a sample description for record number 664 with some ""quoted"" text."
665,"User 665, Jr.",user665@example.com,63.1004,false,"This is a sample description for record number 665 with some ""quoted"" text."
666,"User 666, Jr.",user666@example.com,68.0756,true,"This is a sample description for record number 666 with some ""quoted"" text."
667,"User 667, Jr.",user667@example.com,85.9883,false,"This is a sample description for record number 667 with some ""quoted"" text."
668,"User 668, Jr.",user668@example.com,35.6633,true,"This is a sample description for record number 668 with some ""quoted"" text."
669,"User 669, Jr.",user669@example.com,21.9698,false,"This is a sample description for record number 669 with some ""quoted"" text."
670,"User 670, Jr.",user670@example.com,78.3108,true,"This is a sample description for record number 670 with some ""quoted"" text."
671,"User 671, Jr.",user671@example.com,5.6788,false,"This is a sample description for record number 671 with some ""quoted"" text."
672,"User 672, Jr.",user672@example.com,71.8031,true,"This is a sample description for record number 672 with some ""quoted"" text."
673,"User 673, Jr.",user673@example.com,61.5864,false,"This is a sample description for record number 673 with some ""quoted"" text."
674,"User 674, Jr.",user674@example.com,94.6419,true,"This is a sample description for record number 674 with some ""quoted"" text."
675,"User 675, Jr.",user675@example.com,10.1283,false,"This is a sample description for record number 675 with some ""quoted"" text."
676,"User 676, Jr.",user676@example.com,58.3211,true,"This is a sample description for record number 676 with some ""quoted"" text."
677,"User 677, Jr.",user677@example.com,1.3807,false,"This is a sample description for record number 677 with some ""quoted"" text."
678,"User 678, Jr.",user678@example.com,24.0905,true,"This is a sample description for record number 678 with some ""quoted"" text."
679,"User 679, Jr.",user679@example.com,6.6404,false,"This is a sample description for record number 679 with some ""quoted"" text."
680,"User 680, Jr.",user680@example.com,49.8133,true,"This is a sample description for record number 680 with some ""quoted"" text."
681,"User 681, Jr.",user681@example.com,25.8217,false,"This is a sample description for record number 681 with some ""quoted"" text."
682,"User 682, Jr.",user682@example.com,16.8773,true,"This is a sample description for record number 682 with some ""quoted"" text."
683,"User 683, Jr.",user683@example.com,23.6835,false,"This is a sample description for record number 683 with some ""quoted"" text."
684,"User 684, Jr.",user684@example.com,9.4853,true,"This is a sample description for record number 684 with some ""quoted"" text."
685,"User 685, Jr.",user685@example.com,56.2216,false,"This is a sample description for record number 685 with some ""quoted"" text."
686,"User 686, Jr.",user686@example.com,11.3301,true,"This is a sample description for record number 686 with some ""quoted"" text."
687,"User 687, Jr.",user687@example.com,32.8563,false,"This is a sample description for record number 687 with some ""quoted"" text."
688,"User 688, Jr.",user688@example.com,97.4187,true,"This is a sample description for record number 688 with some ""quoted"" text."
689,"User 689, Jr.",user689@example.com,95.3059,false,"This is a sample description for record number 689 with some ""quoted"" text."
690,"User 690, Jr.",user690@example.com,70.4492,true,"This is a sample description for record number 690 with some ""quoted"" text."
691,"User 691, Jr.",user691@example.com,64.7970,false,"This is a sample description for record number 691 with some ""quoted"" text."
692,"User 692, Jr.",user692@example.com,19.8944,true,"This is a sample description for record number 692 with some ""quoted"" text."
693,"User 693, Jr.",user693@example.com,49.2153,false,"This is a sample description for record number 693 with some ""quoted"" text."
694,"User 694, Jr.",user694@example.com,52.4013,true,"This is a sample description for record number 694 with some ""quoted"" text."
695,"User 695, Jr.",user695@example.com,39.5454,false,"This is a sample description for record number 695 with some ""quoted"" text."
696,"User 696, Jr.",user696@example.com,79.8045,true,"This is a sample description for record number 696 with some ""quoted"" text."
697,"User 697, Jr.",user697@example.com,54.4338,false,"This is a sample description for record number 697 with some ""quoted"" text."
698,"User 698, Jr.",user698@example.com,70.8488,true,"This is a sample description for record number 698 with some ""quoted"" text."
699,"User 699, Jr.",user699@example.com,46.3219,false,"This is a sample description for record number 699 with some ""quoted"" text."
700,"User 700, Jr.",user700@example.com,53.0960,true,"This is a sample description for record number 700 with some ""quoted"" text."
701,"User 701, Jr.",user701@example.com,71.9771,false,"This is a sample description for record number 701 with some ""quoted"" text."
702,"User 702, Jr.",user702@example.com,86.8780,true,"This is a sample description for record number 702 with some ""quoted"" text."
703,"User 703, Jr.",user703@example.com,57.9072,false,"This is a sample description for record number 703 with some ""quoted"" text."
704,"User 704, Jr.",user704@example.com,55.0453,true,"This is a sample description for record number 704 with some ""quoted"" text."
705,"User 705, Jr.",user705@example.com,44.9802,false,"This is a sample description for record number 705 with some ""quoted"" text."
706,"User 706, Jr.",user706@example.com,40.6462,true,"This is a sample description for record number 706 with some ""quoted"" text."
707,"User 707, Jr.",user707@example.com,33.2931,false,"This is a sample description for record number 707 with some ""quoted"" text."
708,"User 708, Jr.",user708@example.com,43.2170,true,"This is a sample description for record number 708 with some ""quoted"" text."
709,"User 709, Jr.",user709@example.com,93.3863,false,"This is a sample description for record number 709 with some ""quoted"" text."
710,"User 710, Jr.",user710@example.com,86.3272,true,"This is a sample description for record number 710 with some ""quoted"" text."
711,"User 711, Jr.",user711@example.com,18.9468,false,"This is a sample description for record number 711 with some ""quoted"" text."
712,"User 712, Jr.",user712@example.com,84.1679,true,"This is a sample description for record number 712 with some ""quoted"" text."
713,"User 713, Jr.",user713@example.com,51.1341,false,"This is a sample description for record number 713 with some ""quoted"" text."
714,"User 714, Jr.",user714@example.com,14.8980,true,"This is a sample description for record number 714 with some ""quoted"" text."
715,"User 715, Jr.",user715@example.com,35.6669,false,"This is a sample description for record number 715 with some ""quoted"" text."
716,"User 716, Jr.",user716@example.com,0.3926,true,"This is a sample description for record number 716 with some ""quoted"" text."
717,"User 717, Jr.",user717@example.com,53.9928,false,"This is a sample description for record number 717 with some ""quoted"" text."
718,"User 718, Jr.",user718@example.com,37.7819,true,"This is a sample description for record number 718 with some ""quoted"" text."
719,"User 719, Jr.",user719@example.com,25.5403,false,"This is a sample description for record number 719 with some ""quoted"" text."
720,"User 720, Jr.",user720@example.com,57.2337,true,"This is a sample description for record number 720 with some ""quoted"" text."
721,"User 721, Jr.",user721@example.com,91.0693,false,"This is a sample description for record number 721 with some ""quoted"" text."
722,"User 722, Jr.",user722@example.com,20.2599,true,"This is a sample description for record number 722 with some ""quoted"" text."
723,"User 723, Jr.",user723@example.com,29.9031,false,"This is a sample description for record number 723 with some ""quoted"" text."
724,"User 724, Jr.",user724@example.com,61.1863,true,"This is a sample description for record number 724 with some ""quoted"" text."
725,"User 725, Jr.",user725@example.com,28.6203,false,"This is a sample description for record number 725 with some ""quoted"" text."
726,"User 726, Jr.",user726@example.com,1.4381,true,"This is a sample description for record number 726 with some ""quoted"" text."
727,"User 727, Jr.",user727@example.com,12.6387,false,"This is a sample description for record number 727 with some ""quoted"" text."
728,"User 728, Jr.",user728@example.com,13.7517,true,"This is a sample description for record number 728 with some ""quoted"" text."
729,"User 729, Jr.",user729@example.com,92.1497,false,"This is a sample description for record number 729 with some ""quoted"" text."
730,"User 730, Jr.",user730@example.com,1.0886,true,"This is a sample description for record number 730 with some ""quoted"" text."
731,"User 731, Jr.",user731@example.com,75.5797,false,"This is a sample description for record number 731 with some ""quoted"" text."
732,"User 732, Jr.",user732@example.com,68.2374,true,"This is a sample description for record number 732 with some ""quoted"" text."
733,"User 733, Jr.",user733@example.com,80.0316,false,"This is a sample description for record number 733 with some ""quoted"" text."
734,"User 734, Jr.",user734@example.com,48.6437,true,"This is a sample description for record number 734 with some ""quoted"" text."
735,"User 735, Jr.",user735@example.com,38.6917,false,"This is a sample description for record number 735 with some ""quoted"" text."
736,"User 736, Jr.",user736@example.com,26.5607,true,"This is a sample description for record number 736 with some ""quoted"" text."
737,"User 737, Jr.",user737@example.com,47.5906,false,"This is a sample description for record number 737 with some ""quoted"" text."
738,"User 738, Jr.",user738@example.com,92.0188,true,"This is a sample description for record number 738 with some ""quoted"" text."
739,"User 739, Jr.",user739@example.com,10.9801,false,"This is a sample description for record number 739 with some ""quoted"" text."
740,"User 740, Jr.",user740@example.com,9.5199,true,"This is a sample description for record number 740 with some ""quoted"" text."
741,"User 741, Jr.",user741@example.com,12.4948,false,"This is a sample description for record number 741 with some ""quoted"" text."
742,"User 742, Jr.",user742@example.com,29.7208,true,"This is a sample description for record number 742 with some ""quoted"" text."
743,"User 743, Jr.",user743@example.com,28.3834,false,"This is a sample description for record number 743 with some ""quoted"" text."
744,"User 744, Jr.",user744@example.com,62.4597,true,"This is a sample description for record number 744 with some ""quoted"" text."
745,"User 745, Jr.",user745@example.com,31.9655,false,"This is a sample description for record number 745 with some ""quoted"" text."
746,"User 746, Jr.",user746@example.com,71.7907,true,"This is a sample description for record number 746 with some ""quoted"" text."
747,"User 747, Jr.",user747@example.com,86.1601,false,"This is a sample description for record number 747 with some ""quoted"" text."
748,"User 748, Jr.",user748@example.com,15.2529,true,"This is a sample description for record number 748 with some ""quoted"" text."
749,"User 749, Jr.",user749@example.com,45.1799,false,"This is a sample description for record number 749 with some ""quoted"" text."
750,"User 750, Jr.",user750@example.com,58.9205,true,"This is a sample description for record number 750 with some ""quoted"" text."
751,"User 751, Jr.",user751@example.com,37.0774,false,"This is a sample description for record number 751 with some ""quoted"" text."
752,"User 752, Jr.",user752@example.com,46.2239,true,"This is a sample description for record number 752 with some ""quoted"" text."
753,"User 753, Jr.",user753@example.com,15.7256,false,"This is a sample description for record number 753 with some ""quoted"" text."
754,"User 754, Jr.",user754@example.com,86.3011,true,"This is a sample description for record number 754 with some ""quoted"" text."
755,"User 755, Jr.",user755@example.com,81.4034,false,"This is a sample description for record number 755 with some ""quoted"" text."
756,"User 756, Jr.",user756@example.com,76.4678,true,"This is a sample description for record number 756 with some ""quoted"" text."
757,"User 757, Jr.",user757@example.com,96.3579,false,"This is a sample description for record number 757 with some ""quoted"" text."
758,"User 758, Jr.",user758@example.com,23.0191,true,"This is a sample description for record number 758 with some ""quoted"" text."
759,"User 759, Jr.",user759@example.com,94.2611,false,"This is a sample description for record number 759 with some ""quoted"" text."
760,"User 760, Jr.",user760@example.com,52.1941,true,"This is a sample description for record number 760 with some ""quoted"" text."
761,"User 761, Jr.",user761@example.com,54.1915,false,"This is a sample description for record number 761 with some ""quoted"" text."
762,"User 762, Jr.",user762@example.com,59.7393,true,"This is a sample description for record number 762 with some ""quoted"" text."
763,"User 763, Jr.",user763@example.com,33.7660,false,"This is a sample description for record number 763 with some ""quoted"" text."
764,"User 764, Jr.",user764@example.com,25.8098,true,"This is a sample description for record number 764 with some ""quoted"" text."
765,"User 765, Jr.",user765@example.com,59.2564,false,"This is a sample description for record number 765 with some ""quoted"" text."
766,"User 766, Jr.",user766@example.com,15.1100,true,"This is a sample description for record number 766 with some ""quoted"" text."
767,"User 767, Jr.",user767@example.com,30.8218,false,"This is a sample description for record number 767 with some ""quoted"" text."
768,"User 768, Jr.",user768@example.com,92.3489,true,"This is a sample description for record number 768 with some ""quoted"" text."
769,"User 769, Jr.",user769@example.com,93.3350,false,"This is a sample description for record number 769 with some ""quoted"" text."
770,"User 770, Jr.",user770@example.com,47.9383,true,"This is a sample description for record number 770 with some ""quoted"" text."
771,"User 771, Jr.",user771@example.com,74.1380,false,"This is a sample description for record number 771 with some ""quoted"" text."
772,"User 772, Jr.",user772@example.com,58.1683,true,"This is a sample description for record number 772 with some ""quoted"" text."
773,"User 773, Jr.",user773@example.com,4.3350,false,"This is a sample description for record number 773 with some ""quoted"" text."
774,"User 774, Jr.",user774@example.com,77.0507,true,"This is a sample description for record number 774 with some ""quoted"" text."
775,"User 775, Jr.",user775@example.com,80.3291,false,"This is a sample description for record number 775 with some ""quoted"" text."
776,"User 776, Jr.",user776@example.com,25.2959,true,"This is a sample description for record number 776 with some ""quoted"" text."
777,"User 777, Jr.",user777@example.com,47.5589,false,"This is a sample description for record number 777 with some ""quoted"" text."
778,"User 778, Jr.",user778@example.com,43.6983,true,"This is a sample description for record number 778 with some ""quoted"" text."
779,"User 779, Jr.",user779@example.com,80.1459,false,"This is a sample description for record number 779 with some ""quoted"" text."
780,"User 780, Jr.",user780@example.com,95.5969,true,"This is a sample description for record number 780 with some ""quoted"" text."
781,"User 781, Jr.",user781@example.com,85.5877,false,"This is a sample description for record number 781 with some ""quoted"" text."
782,"User 782, Jr.",user782@example.com,1.3206,true,"This is a sample description for record number 782 with some ""quoted"" text."
783,"User 783, Jr.",user783@example.com,17.9986,false,"This is a sample description for record number 783 with some ""quoted"" text."
784,"User 784, Jr.",user784@example.com,5.7059,true,"This is a sample description for record number 784 with some ""quoted"" text."
785,"User 785, Jr.",user785@example.com,9.4835,false,"This is a sample description for record number 785 with some ""quoted"" text."
786,"User 786, Jr.",user786@example.com,23.3283,true,"This is a sample description for record number 786 with some ""quoted"" text."
787,"User 787, Jr.",user787@example.com,40.4689,false,"This is a sample description for record number 787 with some ""quoted"" text."
788,"User 788, Jr.",user788@example.com,86.9665,true,"This is a sample description for record number 788 with some ""quoted"" text."
789,"User 789, Jr.",user789@example.com,32.2515,false,"This is a sample description for record number 789 with some ""quoted"" text."
790,"User 790, Jr.",user790@example.com,88.7126,true,"This is a sample description for record number 790 with some ""quoted"" text."
791,"User 791, Jr.",user791@example.com,31.6219,false,"This is a sample description for record number 791 with some ""quoted"" text."
792,"User 792, Jr.",user792@example.com,1.9775,true,"This is a sample description for record number 792 with some ""quoted"" text."
793,"User 793, Jr.",user793@example.com,68.2239,false,"This is a sample description for record number 793 with some ""quoted"" text."
794,"User 794, Jr.",user794@example.com,49.2758,true,"This is a sample description for record number 794 with some ""quoted"" text."
795,"User 795, Jr.",user795@example.com,25.8403,false,"This is a sample description for record number 795 with some ""quoted"" text."
796,"User 796, Jr.",user796@example.com,9.2500,true,"This is a sample description for record number 796 with some ""quoted"" text."
797,"User 797, Jr.",user797@example.com,46.2213,false,"This is a sample description for record number 797 with some ""quoted"" text."
798,"User 798, Jr.",user798@example.com,11.8784,true,"This is a sample description for record number 798 with some ""quoted"" text."
799,"User 799, Jr.",user799@example.com,57.3458,false,"This is a sample description for record number 799 with some ""quoted"" text."
800,"User 800, Jr.",user800@example.com,57.1593,true,"This is a sample description for record number 800 with some ""quoted"" text."
801,"User 801, Jr.",user801@example.com,27.7294,false,"This is a sample description for record number 801 with some ""quoted"" text."
802,"User 802, Jr.",user802@example.com,84.7629,true,"This is a sample description for record number 802 with some ""quoted"" text."
803,"User 803, Jr.",user803@example.com,11.0205,false,"This is a sample description for record number 803 with some ""quoted"" text."
804,"User 804, Jr.",user804@example.com,20.8156,true,"This is a sample description for record number 804 with some ""quoted"" text."
805,"User 805, Jr.",user805@example.com,47.2376,false,"This is a sample description for record number 805 with some ""quoted"" text."
806,"User 806, Jr.",user806@example.com,75.4724,true,"This is a sample description for record number 806 with some ""quoted"" text."
807,"User 807, Jr.",user807@example.com,44.1626,false,"This is a sample description for record number 807 with some ""quoted"" text."
808,"User 808, Jr.",user808@example.com,1.2283,true,"This is a sample description for record number 808 with some ""quoted"" text."
809,"User 809, Jr.",user809@example.com,17.3973,false,"This is a sample description for record number 809 with some ""quoted"" text."
810,"User 810, Jr.",user810@example.com,19.4822,true,"This is a sample description for record number 810 with some ""quoted"" text."
811,"User 811, Jr.",user811@example.com,31.0872,false,"This is a sample description for record number 811 with some ""quoted"" text."
812,"User 812, Jr.",user812@example.com,79.3502,true,"This is a sample description for record number 812 with some ""quoted"" text."
813,"User 813, Jr.",user813@example.com,13.3935,false,"This is a sample description for record number 813 with some ""quoted"" text."
814,"User 814, Jr.",user814@example.com,81.4309,true,"This is a sample description for record number 814 with some ""quoted"" text."
815,"User 815, Jr.",user815@example.com,17.3937,false,"This is a sample description for record number 815 with some ""quoted"" text."
816,"User 816, Jr.",user816@example.com,27.5284,true,"This is a sample description for record number 816 with some ""quoted"" text."
817,"User 817, Jr.",user817@example.com,18.6007,false,"This is a sample description for record number 817 with some ""quoted"" text."
818,"User 818, Jr.",user818@example.com,81.9502,true,"This is a sample description for record number 818 with some ""quoted"" text."
819,"User 819, Jr.",user819@example.com,27.2001,false,"This is a sample description for record number 819 with some ""quoted"" text."
820,"User 820, Jr.",user820@example.com,26.2933,true,"This is a sample description for record number 820 with some ""quoted"" text."
821,"User 821, Jr.",user821@example.com,19.6921,false,"This is a sample description for record number 821 with some ""quoted"" text."
822,"User 822, Jr.",user822@example.com,2.5877,true,"This is a sample description for record number 822 with some ""quoted"" text."
823,"User 823, Jr.",user823@example.com,85.3208,false,"This is a sample description for record number 823 with some ""quoted"" text."
824,"User 824, Jr.",user824@example.com,25.9755,true,"This is a sample description for record number 824 with some ""quoted"" text."
825,"User 825, Jr.",user825@example.com,98.2239,false,"This is a sample description for record number 825 with some ""quoted"" text."
826,"User 826, Jr.",user826@example.com,64.9852,true,"This is a sample description for record number 826 with some ""quoted"" text."
827,"User 827, Jr.",user827@example.com,68.4757,false,"This is a sample description for record number 827 with some ""quoted"" text."
828,"User 828, Jr.",user828@example.com,74.6967,true,"This is a sample description for record number 828 with some ""quoted"" text."
829,"User 829, Jr.",user829@example.com,79.9774,false,"This is a sample description for record number 829 with some ""quoted"" text."
830,"User 830, Jr.",user830@example.com,33.0491,true,"This is a sample description for record number 830 with some ""quoted"" text."
831,"User 831, Jr.",user831@example.com,93.9669,false,"This is a sample description for record number 831 with some ""quoted"" text."
832,"User 832, Jr.",user832@example.com,83.8362,true,"This is a sample description for record number 832 with some ""quoted"" text."
833,"User 833, Jr.",user833@example.com,73.6218,false,"This is a sample description for record number 833 with some ""quoted"" text."
834,"User 834, Jr.",user834@example.com,60.8774,true,"This is a sample description for record number 834 with some ""quoted"" text."
835,"User 835, Jr.",user835@example.com,31.2240,false,"This is a sample description for record number 835 with some ""quoted"" text."
836,"User 836, Jr.",user836@example.com,88.6805,true,"This is a sample description for record number 836 with some ""quoted"" text."
837,"User 837, Jr.",user837@example.com,97.8117,false,"This is a sample description for record number 837 with some ""quoted"" text."
838,"User 838, Jr.",user838@example.com,14.7460,true,"This is a sample description for record number 838 with some ""quoted"" text."
839,"User 839, Jr.",user839@example.com,0.8684,false,"This is a sample description for record number 839 with some ""quoted"" text."
840,"User 840, Jr.",user840@example.com,31.5875,true,"This is a sample description for record number 840 with some ""quoted"" text."
841,"User 841, Jr.",user841@example.com,90.4351,false,"This is a sample description for record number 841 with some ""quoted"" text."
842,"User 842, Jr.",user842@example.com,82.8228,true,"This is a sample description for record number 842 with some ""quoted"" text."
843,"User 843, Jr.",user843@example.com,47.9030,false,"This is a sample description for record number 843 with some ""quoted"" text."
844,"User 844, Jr.",user844@example.com,42.6274,true,"This is a sample description for record number 844 with some ""quoted"" text."
845,"User 845, Jr.",user845@example.com,59.0684,false,"This is a sample description for record number 845 with some ""quoted"" text."
846,"User 846, Jr.",user846@example.com,65.2646,true,"This is a sample description for record number 846 with some ""quoted"" text."
847,"User 847, Jr.",user847@example.com,87.0419,false,"This is a sample description for record number 847 with some ""quoted"" text."
848,"User 848, Jr.",user848@example.com,53.1673,true,"This is a sample description for record number 848 with some ""quoted"" text."
849,"User 849, Jr.",user849@example.com,46.3383,false,"This is a sample description for record number 849 with some ""quoted"" text."
850,"User 850, Jr.",user850@example.com,96.0987,true,"This is a sample description for record number 850 with some ""quoted"" text."
851,"User 851, Jr.",user851@example.com,79.7602,false,"This is a sample description for record number 851 with some ""quoted"" text."
852,"User 852, Jr.",user852@example.com,34.1611,true,"This is a sample description for record number 852 with some ""quoted"" text."
853,"User 853, Jr.",user853@example.com,50.2355,false,"This is a sample description for record number 853 with some ""quoted"" text."
854,"User 854, Jr.",user854@example.com,83.6347,true,"This is a sample description for record number 854 with some ""quoted"" text."
855,"User 855, Jr.",user855@example.com,5.0486,false,"This is a sample description for record number 855 with some ""quoted"" text."
856,"User 856, Jr.",user856@example.com,6.9322,true,"This is a sample description for record number 856 with some ""quoted"" text."
857,"User 857, Jr.",user857@example.com,95.1181,false,"This is a sample description for record number 857 with some ""quoted"" text."
858,"User 858, Jr.",user858@example.com,88.7253,true,"This is a sample description for record number 858 with some ""quoted"" text."
859,"User 859, Jr.",user859@example.com,90.4835,false,"This is a sample description for record number 859 with some ""quoted"" text."
860,"User 860, Jr.",user860@example.com,57.9567,true,"This is a sample description for record number 860 with some ""quoted"" text."
861,"User 861, Jr.",user861@example.com,32.3446,false,"This is a sample description for record number 861 with some ""quoted"" text."
862,"User 862, Jr.",user862@example.com,39.6638,true,"This is a sample description for record number 862 with some ""quoted"" text."
863,"User 863, Jr.",user863@example.com,55.0563,false,"This is a sample description for record number 863 with some ""quoted"" text."
864,"User 864, Jr.",user864@example.com,19.8069,true,"This is a sample description for record number 864 with some ""quoted"" text."
865,"User 865, Jr.",user865@example.com,8.4715,false,"This is a sample description for record number 865 with some ""quoted"" text."
866,"User 866, Jr.",user866@example.com,74.3478,true,"This is a sample description for record number 866 with some ""quoted"" text."
867,"User 867, Jr.",user867@example.com,9.4703,false,"This is a sample description for record number 867 with some ""quoted"" text."
868,"User 868, Jr.",user868@example.com,85.5158,true,"This is a sample description for record number 868 with some ""quoted"" text."
869,"User 869, Jr.",user869@example.com,28.5486,false,"This is a sample description for record number 869 with some ""quoted"" text."
870,"User 870, Jr.",user870@example.com,50.2181,true,"This is a sample description for record number 870 with some ""quoted"" text."
871,"User 871, Jr.",user871@example.com,7.1555,false,"This is a sample description for record number 871 with some ""quoted"" text."
872,"User 872, Jr.",user872@example.com,61.9928,true,"This is a sample description for record number 872 with some ""quoted"" text."
873,"User 873, Jr.",user873@example.com,38.9892,false,"This is a sample description for record number 873 with some ""quoted"" text."
874,"User 874, Jr.",user874@example.com,91.5722,true,"This is a sample description for record number 874 with some ""quoted"" text."
875,"User 875, Jr.",user875@example.com,57.5875,false,"This is a sample description for record number 875 with some ""quoted"" text."
876,"User 876, Jr.",user876@example.com,44.0045,true,"This is a sample description for record number 876 with some ""quoted"" text."
877,"User 877, Jr.",user877@example.com,36.3043,false,"This is a sample description for record number 877 with some ""quoted"" text."
878,"User 878, Jr.",user878@example.com,61.0617,true,"This is a sample description for record number 878 with some ""quoted"" text."
879,"User 879, Jr.",user879@example.com,16.8272,false,"This is a sample description for record number 879 with some ""quoted"" text."
880,"User 880, Jr.",user880@example.com,56.2066,true,"This is a sample description for record number 880 with some ""quoted"" text."
881,"User 881, Jr.",user881@example.com,33.9136,false,"This is a sample description for record number 881 with some ""quoted"" text."
882,"User 882, Jr.",user882@example.com,88.6607,true,"This is a sample description for record number 882 with some ""quoted"" text."
883,"User 883, Jr.",user883@example.com,41.7251,false,"This is a sample description for record number 883 with some ""quoted"" text."
884,"User 884, Jr.",user884@example.com,62.4331,true,"This is a sample description for record number 884 with some ""quoted"" text."
885,"User 885, Jr.",user885@example.com,94.8064,false,"This is a sample description for record number 885 with some ""quoted"" text."
886,"User 886, Jr.",user886@example.com,91.0114,true,"This is a sample description for record number 886 with some ""quoted"" text."
887,"User 887, Jr.",user887@example.com,7.7819,false,"This is a sample description for record number 887 with some ""quoted"" text."
888,"User 888, Jr.",user888@example.com,8.8027,true,"This is a sample description for record number 888 with some ""quoted"" text."
889,"User 889, Jr.",user889@example.com,98.3600,false,"This is a sample description for record number 889 with some ""quoted"" text."
890,"User 890, Jr.",user890@example.com,87.9898,true,"This is a sample description for record number 890 with some ""quoted"" text."
891,"User 891, Jr.",user891@example.com,67.0885,false,"This is a sample description for record number 891 with some ""quoted"" text."
892,"User 892, Jr.",user892@example.com,43.6194,true,"This is a sample description for record number 892 with some ""quoted"" text."
893,"User 893, Jr.",user893@example.com,13.8376,false,"This is a sample description for record number 893 with some ""quoted"" text."
894,"User 894, Jr.",user894@example.com,19.9213,true,"This is a sample description for record number 894 with some ""quoted"" text."
895,"User 895, Jr.",user895@example.com,57.8396,false,"This is a sample description for record number 895 with some ""quoted"" text."
896,"User 896, Jr.",user896@example.com,69.6728,true,"This is a sample description for record number 896 with some ""quoted"" text."
897,"User 897, Jr.",user897@example.com,9.6252,false,"This is a sample description for record number 897 with some ""quoted"" text."
898,"User 898, Jr.",user898@example.com,3.3066,true,"This is a sample description for record number 898 with some ""quoted"" text."
899,"User 899, Jr.",user899@example.com,84.3512,false,"This is a sample description for record number 899 with some ""quoted"" text."
900,"User 900, Jr.",user900@example.com,81.1499,true,"This is a sample description for record number 900 with some ""quoted"" text."
901,"User 901, Jr.",user901@example.com,54.3340,false,"This is a sample description for record number 901 with some ""quoted"" text."
902,"User 902, Jr.",user902@example.com,77.2604,true,"This is a sample description for record number 902 with some ""quoted"" text."
903,"User 903, Jr.",user903@example.com,72.1518,false,"This is a sample description for record number 903 with some ""quoted"" text."
904,"User 904, Jr.",user904@example.com,47.4972,true,"This is a sample description for record number 904 with some ""quoted"" text."
905,"User 905, Jr.",user905@example.com,3.7808,false,"This is a sample description for record number 905 with some ""quoted"" text."
906,"User 906, Jr.",user906@example.com,60.7568,true,"This is a sample description for record number 906 with some ""quoted"" text."
907,"User 907, Jr.",user907@example.com,84.3760,false,"This is a sample description for record number 907 with some ""quoted"" text."
908,"User 908, Jr.",user908@example.com,89.7184,true,"This is a sample description for record number 908 with some ""quoted"" text."
909,"User 909, Jr.",user909@example.com,95.9775,false,"This is a sample description for record number 909 with some ""quoted"" text."
910,"User 910, Jr.",user910@example.com,61.7973,true,"This is a sample description for record number 910 with some ""quoted"" text."
911,"User 911, Jr.",user911@example.com,59.4728,false,"This is a sample description for record number 911 with some ""quoted"" text."
912,"User 912, Jr.",user912@example.com,36.3006,true,"This is a sample description for record number 912 with some ""quoted"" text."
913,"User 913, Jr.",user913@example.com,48.6370,false,"This is a sample description for record number 913 with some ""quoted"" text."
914,"User 914, Jr.",user914@example.com,95.8838,true,"This is a sample description for record number 914 with some ""quoted"" text."
915,"User 915, Jr.",user915@example.com,89.8001,false,"This is a sample description for record number 915 with some ""quoted"" text."
916,"User 916, Jr.",user916@example.com,66.3344,true,"This is a sample description for record number 916 with some ""quoted"" text."
917,"User 917, Jr.",user917@example.com,45.0955,false,"This is a sample description for record number 917 with some ""quoted"" text."
918,"User 918, Jr.",user918@example.com,64.8398,true,"This is a sample description for record number 918 with some ""quoted"" text."
919,"User 919, Jr.",user919@example.com,71.4340,false,"This is a sample description for record number 919 with some ""quoted"" text."
920,"User 920, Jr.",user920@example.com,2.3291,true,"This is a sample description for record number 920 with some ""quoted"" text."
921,"User 921, Jr.",user921@example.com,85.3358,false,"This is a sample description for record number 921 with some ""quoted"" text."
922,"User 922, Jr.",user922@example.com,59.7946,true,"This is a sample description for record number 922 with some ""quoted"" text."
923,"User 923, Jr.",user923@example.com,11.6362,false,"This is a sample description for record number 923 with some ""quoted"" text."
924,"User 924, Jr.",user924@example.com,10.5032,true,"This is a sample description for record number 924 with some ""quoted"" text."
925,"User 925, Jr.",user925@example.com,24.9192,false,"This is a sample description for record number 925 with some ""quoted"" text."
926,"User 926, Jr.",user926@example.com,47.2865,true,"This is a sample description for record number 926 with some ""quoted"" text."
927,"User 927, Jr.",user927@example.com,25.3852,false,"This is a sample description for record number 927 with some ""quoted"" text."
928,"User 928, Jr.",user928@example.com,42.1730,true,"This is a sample description for record number 928 with some ""quoted"" text."
929,"User 929, Jr.",user929@example.com,97.9408,false,"This is a sample description for record number 929 with some ""quoted"" text."
930,"User 930, Jr.",user930@example.com,12.6888,true,"This is a sample description for record number 930 with some ""quoted"" text."
931,"User 931, Jr.",user931@example.com,8.0364,false,"This is a sample description for record number 931 with some ""quoted"" text."
932,"User 932, Jr.",user932@example.com,13.2703,true,"This is a sample description for record number 932 with some ""quoted"" text."
933,"User 933, Jr.",user933@example.com,86.0261,false,"This is a sample description for record number 933 with some ""quoted"" text."
934,"User 934, Jr.",user934@example.com,92.3129,true,"This is a sample description for record number 934 with some ""quoted"" text."
935,"User 935, Jr.",user935@example.com,46.1482,false,"This is a sample description for record number 935 with some ""quoted"" text."
936,"User 936, Jr.",user936@example.com,56.9691,true,"This is a sample description for record number 936 with some ""quoted"" text."
937,"User 937, Jr.",user937@example.com,11.7440,false,"This is a sample description for record number 937 with some ""quoted"" text."
938,"User 938, Jr.",user938@example.com,8.5608,true,"This is a sample description for record number 938 with some ""quoted"" text."
939,"User 939, Jr.",user939@example.com,45.2671,false,"This is a sample description for record number 939 with some ""quoted"" text."
940,"User 940, Jr.",user940@example.com,29.1464,true,"This is a sample description for record number 940 with some ""quoted"" text."
941,"User 941, Jr.",user941@example.com,92.5690,false,"This is a sample description for record number 941 with some ""quoted"" text."
942,"User 942, Jr.",user942@example.com,18.1270,true,"This is a sample description for record number 942 with some ""quoted"" text."
943,"User 943, Jr.",user943@example.com,66.8542,false,"This is a sample description for record number 943 with some ""quoted"" text."
944,"User 944, Jr.",user944@example.com,92.2814,true,"This is a sample description for record number 944 with some ""quoted"" text."
945,"User 945, Jr.",user945@example.com,18.6142,false,"This is a sample description for record number 945 with some ""quoted"" text."
946,"User 946, Jr.",user946@example.com,18.1766,true,"This is a sample description for record number 946 with some ""quoted"" text."
947,"User 947, Jr.",user947@example.com,74.9558,false,"This is a sample description for record number 947 with some ""quoted"" text."
948,"User 948, Jr.",user948@example.com,80.7204,true,"This is a sample description for record number 948 with some ""quoted"" text."
949,"User 949, Jr.",user949@example.com,81.3488,false,"This is a sample description for record number 949 with some ""quoted"" text."
950,"User 950, Jr.",user950@example.com,2.8475,true,"This is a sample description for record number 950 with some ""quoted"" text."
951,"User 951, Jr.",user951@example.com,13.7051,false,"This is a sample description for record number 951 with some ""quoted"" text."
952,"User 952, Jr.",user952@example.com,34.1248,true,"This is a sample description for record number 952 with some ""quoted"" text."
953,"User 953, Jr.",user953@example.com,26.5319,false,"This is a sample description for record number 953 with some ""quoted"" text."
954,"User 954, Jr.",user954@example.com,17.9211,true,"This is a sample description for record number 954 with some ""quoted"" text."
955,"User 955, Jr.",user955@example.com,74.0984,false,"This is a sample description for record number 955 with some ""quoted"" text."
956,"User 956, Jr.",user956@example.com,94.9802,true,"This is a sample description for record number 956 with some ""quoted"" text."
957,"User 957, Jr.",user957@example.com,86.6718,false,"This is a sample description for record number 957 with some ""quoted"" text."
958,"User 958, Jr.",user958@example.com,52.9244,true,"This is a sample description for record number 958 with some ""quoted"" text."
959,"User 959, Jr.",user959@example.com,56.8540,false,"This is a sample description for record number 959 with some ""quoted"" text."
960,"User 960, Jr.",user960@example.com,62.8190,true,"This is a sample description for record number 960 with some ""quoted"" text."
961,"User 961, Jr.",user961@example.com,96.0370,false,"This is a sample description for record number 961 with some ""quoted"" text."
962,"User 962, Jr.",user962@example.com,29.5400,true,"This is a sample description for record number 962 with some ""quoted"" text."
963,"User 963, Jr.",user963@example.com,25.0339,false,"This is a sample description for record number 963 with some ""quoted"" text."
964,"User 964, Jr.",user964@example.com,61.6043,true,"This is a sample description for record number 964 with some ""quoted"" text."
965,"User 965, Jr.",user965@example.com,50.9195,false,"This is a sample description for record number 965 with some ""quoted"" text."
966,"User 966, Jr.",user966@example.com,17.3766,true,"This is a sample description for record number 966 with some ""quoted"" text."
967,"User 967, Jr.",user967@example.com,74.9921,false,"This is a sample description for record number 967 with some ""quoted"" text."
968,"User 968, Jr.",user968@example.com,86.8592,true,"This is a sample description for record number 968 with some ""quoted"" text."
969,"User 969, Jr.",user969@example.com,63.9647,false,"This is a sample description for record number 969 with some ""quoted"" text."
970,"User 970, Jr.",user970@example.com,63.1727,true,"This is a sample description for record number 970 with some ""quoted"" text."
971,"User 971, Jr.",user971@example.com,95.4915,false,"This is a sample description for record number 971 with some ""quoted"" text."
972,"User 972, Jr.",user972@example.com,99.4191,true,"This is a sample description for record number 972 with some ""quoted"" text."
973,"User 973, Jr.",user973@example.com,7.7953,false,"This is a sample description for record number 973 with some ""quoted"" text."
974,"User 974, Jr.",user974@example.com,41.4248,true,"This is a sample description for record number 974 with some ""quoted"" text."
975,"User 975, Jr.",user975@example.com,43.4901,false,"This is a sample description for record number 975 with some ""quoted"" text."
976,"User 976, Jr.",user976@example.com,12.9551,true,"This is a sample description for record number 976 with some ""quoted"" text."
977,"User 977, Jr.",user977@example.com,99.4683,false,"This is a sample description for record number 977 with some ""quoted"" text."
978,"User 978, Jr.",user978@example.com,51.6973,true,"This is a sample description for record number 978 with some ""quoted"" text."
979,"User 979, Jr.",user979@example.com,97.1341,false,"This is a sample description for record number 979 with some ""quoted"" text."
980,"User 980, Jr.",user980@example.com,41.3549,true,"This is a sample description for record number 980 with some ""quoted"" text."
981,"User 981, Jr.",user981@example.com,29.4091,false,"This is a sample description for record number 981 with some ""quoted"" text."
982,"User 982, Jr.",user982@example.com,70.5429,true,"This is a sample description for record number 982 with some ""quoted"" text."
983,"User 983, Jr.",user983@example.com,20.1076,false,"This is a sample description for record number 983 with some ""quoted"" text."
984,"User 984, Jr.",user984@example.com,0.1156,true,"This is a sample description for record number 984 with some ""quoted"" text."
985,"User 985, Jr.",user985@example.com,21.3570,false,"This is a sample description for record number 985 with some ""quoted"" text."
986,"User 986, Jr.",user986@example.com,82.2945,true,"This is a sample description for record number 986 with some ""quoted"" text."
987,"User 987, Jr.",user987@example.com,8.3267,false,"This is a sample description for record number 987 with some ""quoted"" text."
988,"User 988, Jr.",user988@example.com,79.7002,true,"This is a sample description for record number 988 with some ""quoted"" text."
989,"User 989, Jr.",user989@example.com,68.8387,false,"This is a sample description for record number 989 with some ""quoted"" text."
990,"User 990, Jr.",user990@example.com,62.0575,true,"This is a sample description for record number 990 with some ""quoted"" text."
991,"User 991, Jr.",user991@example.com,31.2602,false,"This is a sample description for record number 991 with some ""quoted"" text."
992,"User 992, Jr.",user992@example.com,43.5736,true,"This is a sample description for record number 992 with some ""quoted"" text."
993,"User 993, Jr.",user993@example.com,35.5408,false,"This is a sample description for record number 993 with some ""quoted"" text."
994,"User 994, Jr.",user994@example.com,97.5944,true,"This is a sample description for record number 994 with some ""quoted"" text."
995,"User 995, Jr.",user995@example.com,65.1174,false,"This is a sample description for record number 995 with some ""quoted"" text."
996,"User 996, Jr.",user996@example.com,71.6262,true,"This is a sample description for record number 996 with some ""quoted"" text."
997,"User 997, Jr.",user997@example.com,61.2232,false,"This is a sample description for record number 997 with some ""quoted"" text."
998,"User 998, Jr.",user998@example.com,90.6294,true,"This is a sample description for record number 998 with some ""quoted"" text."
999,"User 999, Jr.",user999@example.com,99.2982,false,"This is a sample description for record number 999 with some ""quoted"" text."
1000,"User 1000, Jr.",user1000@example.com,18.2854,true,"This is a sample description for record number 1000 with some ""quoted"" text."
